#pragma once

static const unsigned int StolzlRegular_compressed_size = 41670;
static const unsigned int StolzlRegular_compressed_data[41672 / 4] =
{
    0x0000bc57, 0x00000000, 0x5ce20000, 0x00000400, 0x544f3308, 0x0c004f54, 0x03008000, 0x46434000, 0x7b462046, 0x00008ec3, 0x00002015, 0x44479876,
    0xc50a4645, 0x0000ce0b, 0x0000b88b, 0x50473e00, 0x5e9d534f, 0x0f82a295, 0x00f82008, 0x47804e00, 0xd2425553, 0x00abcd37, 0x0078da00, 0x4fe20700,
    0x68322f53, 0x00fbacc7, 0x82d00800, 0x63602c2f, 0xa070616d, 0x00536deb, 0x82800d00, 0x6880281f, 0x07646165, 0x8269f085, 0x82d4201b, 0x68362103,
    0x07231082, 0x824c0623, 0x82ac202f, 0x68242c0f, 0x5578746d, 0x00703537, 0x820c0100, 0x6da0272f, 0x01707861, 0x1a8250e8, 0x82cc0021, 0x6e063804,
    0x09656d61, 0x0098dadd, 0x00300900, 0x70500400, 0xff74736f, 0x823200b8, 0x271e82af, 0x00002000, 0xe8010050, 0x01200a82, 0x9d2a0385, 0x5f14951c,
    0x00f53c0f, 0x15830303, 0x82d20024, 0x19823856, 0xfd270784, 0x05fafecf, 0x821f049b, 0x0003230f, 0x00840002, 0x00fe0127, 0x00ec025f, 0x2103a31f,
    0x27826a03, 0x52009126, 0x37001803, 0x0223038b, 0x825200e1, 0x88122003, 0x82442007, 0x2303a20f, 0x34003f03, 0x7b820383, 0x15015223, 0x24038300,
    0xff150116, 0x200382e7, 0x820f82d5, 0x0d00210b, 0x05220782, 0x77823b02, 0x53829920, 0x20200383, 0x038d0782, 0x3b031226, 0xe4024d00, 0x03210395,
    0x9e63823d, 0x8a042503, 0x9a023400, 0x03825782, 0x02212f83, 0x8b0b82a1, 0x00842303, 0x038b0229, 0x8f825a20, 0xd520038b, 0x039f2f82, 0x1f00af24,
    0x0391ec03, 0x82920221, 0x92a9204b, 0x82542003, 0x82038b73, 0x2097823b, 0x2203a330, 0x83004d04, 0x02422227, 0x8b078282, 0x00a72403, 0x82950236,
    0x83078313, 0x828e2003, 0x23039e0b, 0x1800e201, 0x72267388, 0xf4004700, 0x03823100, 0x03824220, 0xf4000624, 0x0382d7ff, 0x0b86c520, 0x0b82fd20,
    0x1f87f420, 0x00650223, 0x82038347, 0x8243200f, 0x00052303, 0x078300f1, 0xf100402a, 0xb903efff, 0x6e024200, 0x99200396, 0x039e9382, 0x82560421,
    0x82a62023, 0x2603835f, 0x013000a1, 0x864200a3, 0x832f2003, 0x48022307, 0x038c2700, 0x6b827820, 0xc7820920, 0x10200383, 0x68230786, 0x9f023d00,
    0x00452403, 0x915c0318, 0x44022103, 0x5d204382, 0x1e200392, 0x038b7782, 0x1f00ec28, 0x52008f02, 0x03829102, 0x03852120, 0x82310321, 0x061b4313,
    0x82f90321, 0x0076220b, 0x08bb4229, 0x23829920, 0x1f00f72e, 0x4d003b03, 0x5200ec02, 0x34003d03, 0x02210783, 0x0573439a, 0x825a0221, 0x00c8232f,
    0x0382023e, 0x00980325, 0x82920246, 0x0093240f, 0x820e0334, 0x00fb241f, 0x823a0452, 0x8295203f, 0x82ea2003, 0x856e2043, 0x15032333, 0x5b432900,
    0xd5ff2305, 0x1b823c04, 0x3382a120, 0x3000a124, 0x03829502, 0x42004624, 0x0385c801, 0x18218382, 0x060b4202, 0x82cb0321, 0x004026db, 0x00820220,
    0x20038442, 0x20078260, 0x20138292, 0x200782d3, 0x20038289, 0x203b8299, 0x22078281, 0x824700a6, 0x0230221f, 0x090b4108, 0x824e0421, 0x8244201b,
    0x0050280f, 0x00ae0233, 0x82670342, 0x82a12003, 0x8447202b, 0x03182237, 0x2e538419, 0x00840230, 0x00f40026, 0xfff40031, 0x828303c5, 0x82522013,
    0x00af2433, 0x82810134, 0x0065239f, 0x03830229, 0x0b827c20, 0x0b826720, 0x26200383, 0x61200b82, 0x01250b85, 0x012200be, 0x2003821b, 0x200382a4,
    0x200382a3, 0x200382bb, 0x2003829c, 0x20038292, 0x20038270, 0x290b85a2, 0x70ffdd00, 0x2200c203, 0x03829503, 0x0382f720, 0x2200bf24, 0x03822104,
    0x0b821a20, 0x2382af20, 0x6fa747a6, 0x022527a7, 0x01520034, 0x200382e1, 0x20038236, 0x240786d6, 0x0352004f, 0x820b8629, 0xa3032117, 0x02210b85,
    0x82f3823f, 0xd3012103, 0x14200f82, 0x27820382, 0x00610129, 0x006f0212, 0x85010252, 0x9a012103, 0x03831782, 0x07829d20, 0x02210382, 0x201782eb,
    0x200b8286, 0x200782ed, 0x210385c6, 0x0f82c901, 0x02200382, 0x83068742, 0x83012007, 0x2c03874b, 0x0000002c, 0x02000096, 0x02300082, 0x2c3382e2,
    0x03290084, 0x022f007c, 0x023e00df, 0x200382e8, 0x20138267, 0x2003827f, 0x20a78298, 0x20078531, 0x830b8202, 0x77032103, 0xf8200f82, 0x1b84138d,
    0x13869520, 0x5100b227, 0x52003d04, 0x878f8305, 0x82462033, 0x823e2047, 0x857b201f, 0xd602219f, 0xb3820f82, 0x02200783, 0x0f8ab383, 0x85990421,
    0x19032123, 0x2c060341, 0x04520014, 0x02340073, 0x022900d1, 0x201b829e, 0x240386bf, 0x03530084, 0x20238241, 0x201f82fa, 0x201382d3, 0x82038258,
    0x820220df, 0x00002703, 0x000044fe, 0x078222ff, 0x0386c720, 0x07827f20, 0x03866820, 0x07826a20, 0x0382b320, 0x03824e20, 0x2782b420, 0x03823620,
    0x0b823820, 0x0382e220, 0x0382f020, 0x00008324, 0x0382cffd, 0x0b82d020, 0x28204783, 0xfe2047a5, 0x01213f84, 0x2493828b, 0x014f00e5, 0x200782ea,
    0x82038263, 0x0e022107, 0x2a220782, 0x1b844c00, 0x0120ab82, 0x0121c782, 0x20138256, 0x2003829f, 0x36bb84fb, 0x00910200, 0x00010052, 0xffb60300,
    0x05000006, 0xffcffded, 0x839b0570, 0x8a002011, 0xe8012f00, 0x6d020300, 0x05009001, 0x8a020800, 0x1a825802, 0x07854b20, 0x005e0125, 0x824a0132,
    0x831a820f, 0x20038405, 0x86058407, 0x4b552b04, 0x40004e57, 0xca252000, 0x63820203, 0xb603b428, 0x0020fa00, 0x1e838700, 0x02260223, 0x220782bc,
    0x820c0020, 0x01162205, 0x2077880e, 0x820f8240, 0x22058495, 0x86400006, 0x00022417, 0x86460007, 0x0003240b, 0x864d0019, 0x0004210b, 0x05242389,
    0x66003c00, 0x06241786, 0xa2000e00, 0x08240b86, 0xb0001700, 0x09200b86, 0xc7200b82, 0x0b240b86, 0xde002100, 0x0c200b86, 0xff261782, 0x01000300,
    0x79820904, 0x16018022, 0x01240b86, 0x96010c00, 0x02240b86, 0xa2010e00, 0x03200b86, 0xb020fb82, 0x04240b86, 0xe2011c00, 0x05240b86, 0xfe017800,
    0x06200b86, 0x0824178a, 0x76022e00, 0x09201786, 0xa4200b82, 0x0b240b86, 0xd2024200, 0x34080b86, 0x032e000c, 0x706f4314, 0x67697279, 0x28207468,
    0x32202963, 0x20353130, 0x4d207962, 0x79697261, 0x69502061, 0x6c756f67, 0x6b737665, 0x2e617961, 0x6c6c4120, 0x082b8420, 0x72207322, 0x72657365,
    0x2e646576, 0x6c6f7453, 0x65526c7a, 0x616c7567, 0x302e3172, 0x553b3030, 0x3b4e574b, 0x2d201785, 0x56271886, 0x69737265, 0x85206e6f, 0x53502420,
    0x85303020, 0x6f68260a, 0x6e6f6374, 0x37188376, 0x3b38382e, 0x656b616d, 0x2e66746f, 0x3262696c, 0x362e352e, 0x35373734, 0x5436498d, 0x4e206568,
    0x6874726f, 0x206e7265, 0x636f6c42, 0x744c206b, 0xb0862e64, 0x8d2e5621, 0x74682ab3, 0x2f3a7074, 0x7777772f, 0x2031822e, 0x2037866e, 0x25368362,
    0x2e6f632e, 0x208a6b75, 0x74656d25, 0x85657079, 0x43003916, 0x70006f00, 0x72007900, 0x67006900, 0x74006800, 0x28002000, 0x29006300, 0x32260782,
    0x31003000, 0x09823500, 0x21826220, 0x4d002024, 0x27846100, 0x07827920, 0x50002022, 0x6f2c3184, 0x6c007500, 0x76006500, 0x6b007300, 0x1b831782,
    0x31822e20, 0x15824120, 0x07826c20, 0x73205789, 0x65200d84, 0x65202782, 0x76204582, 0x64243382, 0x53002e00, 0x6f207182, 0x7a202b82, 0x52200382,
    0x67201382, 0x67834f84, 0x1d823120, 0x81823020, 0x3b00302a, 0x4b005500, 0x4e005700, 0x2f8b0982, 0x8d002d21, 0x201b9b31, 0x205b8256, 0x207b8272,
    0x20ef8269, 0x8b89826e, 0x8250205d, 0x84202085, 0x20158b69, 0x22298268, 0x84630074, 0x8876202f, 0x002e2231, 0x22018238, 0x826d003b, 0x826b20eb,
    0x826f2053, 0x826620bf, 0x006c26a9, 0x00620069, 0x20098232, 0x24038235, 0x00340036, 0x24018237, 0x00540035, 0x20258268, 0x20bb8220, 0x20f5826f,
    0x210d8474, 0x81830072, 0xf1824220, 0x5f826f20, 0x5b826b20, 0x45824c20, 0x37826420, 0x200d6141, 0x41118256, 0x68201b67, 0x74263582, 0x3a007000,
    0x01822f00, 0x83007721, 0x822e2001, 0x82682013, 0x826e2071, 0x867220b7, 0x8272200b, 0x8862206f, 0x842e206d, 0x002e24d3, 0x826b0075, 0x8274208d,
    0x20418f23, 0x223f826d, 0x82790074, 0x82652059, 0x82632081, 0x232d8549, 0x00030000, 0x02230384, 0x82010014, 0x00002409, 0x8303001c, 0x220f8209,
    0x82f80106, 0x00092411, 0x828201f7, 0x87028207, 0x9a0a8207, 0x01410802, 0x01640182, 0x0166016a, 0x019a0186, 0x016b01af, 0x01740173, 0x019c015d,
    0x01770162, 0x016d0167, 0x01240123, 0x01260125, 0x01280127, 0x012a0129, 0x012c012b, 0x016c0161, 0x018e0193, 0x0168018f, 0x087f82ae, 0x0d000c78,
    0x15001100, 0x1f001e00, 0x22002100, 0x2a002900, 0x31002c00, 0x38003200, 0x44004200, 0x49004500, 0x51004d00, 0x5b005a00, 0x61006000, 0x71016600,
    0x72015e01, 0x6e01b701, 0x6b00e001, 0x77007600, 0x7f007b00, 0x89008800, 0x8c008b00, 0x96009400, 0x9d009800, 0xa4009e00, 0xb000ae00, 0xb500b100,
    0xbe00ba00, 0xc800c700, 0xce00cd00, 0x6f01d300, 0x7001ac01, 0xd8828b01, 0x00057008, 0x00100009, 0x00370016, 0x0054003b, 0x0070006c, 0x006f006e,
    0x00730074, 0x0080007a, 0x00820085, 0x008e0083, 0x008f0091, 0x00a30090, 0x00a800a5, 0x00a700a6, 0x00bf00ac, 0x00c000c2, 0x01b801c1, 0x018401b5,
    0x01b30188, 0x00b00160, 0x01b201b9, 0x01b401b1, 0x01de01d9, 0x000b0098, 0x0191013f, 0x0194019d, 0x00890190, 0x01990100, 0x829e01a0, 0x82922007,
    0x2a028377, 0x01ab0075, 0x01650169, 0x829f0195, 0x828a2015, 0x01782403, 0x82630179, 0x0624081a, 0x40000a00, 0xad004100, 0x75017601, 0x7e017d01,
    0x80017f01, 0xab018c01, 0x6400d100, 0x87013701, 0x7b017a01, 0x20082782, 0x01b90100, 0x0181015f, 0x009b017c, 0x00180004, 0x00190002, 0x0023001b,
    0x00250024, 0x00390026, 0x0823823a, 0x52003c20, 0x55005300, 0xdd018d00, 0xe201e501, 0xdf01da01, 0xdc01e401, 0xe301e101, 0x0400db01, 0x23826c05,
    0xeb829420, 0x14000628, 0x7e002f00, 0xdd82a900, 0xc982b420, 0x1301072c, 0x23011b01, 0x2f012b01, 0x73823101, 0x013e7608, 0x014d0148, 0x0167015b,
    0x027e016b, 0x02c70237, 0x030403dd, 0x030c0308, 0x03280312, 0x04380335, 0x04040401, 0x040e0407, 0x042d0415, 0x044f0435, 0x04540451, 0x045e0457,
    0x1e851e91, 0x200920f3, 0x201a2014, 0x2022201e, 0x20302026, 0x2044203a, 0x20792070, 0x211621ac, 0x215e2122, 0x22022299, 0x220f2205, 0x221a2212,
    0x222b221e, 0x22602248, 0xffca2565, 0x369d82ff, 0x00300020, 0x00ab00a1, 0x00b600ae, 0x010c01bb, 0x01220116, 0x822e012a, 0x01362e95, 0x01410139,
    0x0150014a, 0x016a015e, 0x2895826e, 0x03d802c6, 0x03060300, 0x2095820a, 0x20958226, 0x20958437, 0x26958206, 0x04160410, 0x8436042e, 0x82562095,
    0x1e902495, 0x82f21e80, 0x20132695, 0x201c2018, 0x20958420, 0x20958439, 0x22958674, 0x8690215b, 0x8a112095, 0x86642095, 0x91988295, 0x5cff2102,
    0xfe21138f, 0x2b11895e, 0xa0feb3fe, 0x93fe94fe, 0xf3fcddfc, 0xdf200182, 0xfc231987, 0x82c9fcb3, 0x85b52001, 0x7ae1250f, 0x67e10000, 0xe1290b83,
    0xe16be13d, 0xe0f3e041, 0x2e0182e3, 0xe0a0e0db, 0x00e0df92, 0xdf97df00, 0x828fdf88, 0x85380807, 0x67df73df, 0x38df42df, 0xe1db0000, 0x94000100,
    0x4e01b200, 0x60015e01, 0x72016c01, 0x18020a02, 0x24022202, 0x00002602, 0x28022602, 0x40023202, 0x5c024602, 0x70026e02, 0x8e281182, 0x9a029002,
    0xa602a202, 0x038b6783, 0xa4231582, 0x8202d202, 0x27158567, 0x0c030a03, 0x00001603, 0x03210385, 0x8d15851a, 0x0a032105, 0x03200f85, 0x09852782,
    0x03000023, 0x4409830e, 0x4f08bd1f, 0x84016501, 0x85018801, 0xad018901, 0xde01b301, 0x7801b101, 0xb2019501, 0xb501e201, 0x55019d01, 0xd9015601,
    0x5f01b001, 0x5401dc01, 0x39017901, 0x3a013801, 0x06006901, 0x04000200, 0x05000a00, 0x0b000900, 0x1b001000, 0x18001600, 0x26001900, 0x09069943,
    0x37001214, 0x39003c00, 0x40003a00, 0x97013b00, 0x55003f00, 0x53005200, 0x62005400, 0xb9004300, 0x6c007000, 0x74006e00, 0x73006f00, 0x7a007500,
    0x80008500, 0x83008200, 0x8e009100, 0x90008f00, 0xa3007c00, 0xa500a800, 0xac00a600, 0x8c01a700, 0xc200ab00, 0xc000bf00, 0xcf00c100, 0xd100af00,
    0x71000700, 0x6d000300, 0x72000800, 0x78000e00, 0x79000f00, 0x7d001300, 0x7e001400, 0x86001c00, 0x84001a00, 0x87001d00, 0x81001700, 0x8a002000,
    0x92002700, 0x93002800, 0x97002b00, 0x99002d00, 0x9b002f00, 0x9a002e00, 0x9c003000, 0x9f003300, 0xa1003500, 0xa0003400, 0xa2003600, 0xaa003e00,
    0xa9003d00, 0xad004100, 0xb2004600, 0xb4004800, 0xb3004700, 0xb6004a00, 0xb8004c00, 0xb7004b00, 0xbd005000, 0xbc004f00, 0xbb004e00, 0xc4005700,
    0xc6005900, 0xc3005600, 0xc5005800, 0xca005d00, 0xd0006300, 0x67006400, 0x6900d400, 0x6800d600, 0xdd01d500, 0x9744db01, 0xe3ae0806, 0xe101e501,
    0xbd01bc01, 0xc301bf01, 0xc101c401, 0xba01bb01, 0xbe01c201, 0xd700c001, 0xd900d800, 0xdc00da00, 0xdf00dd00, 0xe100e000, 0xe300e200, 0xe500e400,
    0xe700e600, 0xe900e800, 0xeb00ea00, 0xee00ec00, 0xf100ef00, 0xf200f000, 0xf500f300, 0xf400f600, 0xfb00f800, 0xfd00fc00, 0xff00fe00, 0x02010001,
    0x05010301, 0x07010601, 0x09010801, 0x0b010a01, 0x0d010c01, 0x0f010e01, 0x11011001, 0x14011201, 0x17011501, 0x18011601, 0x1b011901, 0x1a011c01,
    0x21011e01, 0xdb002201, 0x5f000101, 0x5c00cc00, 0x5e00c900, 0x6500cb00, 0x9f45d200, 0x7c250808, 0xb901b801, 0xa7016001, 0xa301a101, 0xa901a501,
    0xa801aa01, 0xa401a201, 0xa001a601, 0x94019601, 0x03009001, 0x23008400, 0x3200b5ff, 0x048e0884, 0x04000128, 0x01010002, 0x484a0f01, 0x0812830d,
    0x0ff82425, 0x0123f900, 0xf80224f9, 0x24fb0418, 0x051c9afb, 0x05b3fa9b, 0x0fc1151c, 0x1168181c, 0xbd6a1cba, 0x820a0112, 0x0700373d, 0x15000e00,
    0x21001b00, 0x2d002700, 0x3d003300, 0x4b004400, 0xaf825700, 0x00655808, 0x00770071, 0x0089007d, 0x0095008f, 0x00a400a1, 0x00b800b1, 0x00c400be,
    0x00d600d0, 0x00e200de, 0x00ef00e8, 0x010301fc, 0x010f010a, 0x01200115, 0x012f0129, 0x0140013a, 0x01500146, 0x015b0155, 0x01690162, 0x0175016f,
    0x0181017b, 0x01910187, 0x019f0198, 0x82b201ab, 0xc0b909f7, 0xd201cc01, 0xe401d801, 0xf001ea01, 0xff01fc01, 0x13020c02, 0x1f021902, 0x31022b02,
    0x3d023902, 0x4a024302, 0x5e025702, 0x6a026502, 0x7b027002, 0x8a028402, 0x9b029502, 0xab02a102, 0xb902b202, 0xc702c002, 0xd502ce02, 0xe302dc02,
    0xf102ea02, 0xff02f802, 0x0d030603, 0x1b031403, 0x29032203, 0x37033003, 0x45033e03, 0x53034c03, 0x61035a03, 0x6f036803, 0x7d037603, 0x8b038403,
    0x99039203, 0xa703a003, 0xb503ae03, 0xc303bc03, 0xd103ca03, 0xdf03d803, 0xed03e603, 0xfb03f403, 0x09040204, 0x17041004, 0x25041e04, 0x33042c04,
    0x41043a04, 0x4f044804, 0x5d045604, 0x6b046404, 0x79047204, 0x87048004, 0x95048e04, 0xa3049c04, 0xb104aa04, 0xbf04b804, 0xd004c804, 0xe204d804,
    0xf404eb04, 0x0605fc04, 0x19051005, 0x2a052205, 0x3c053205, 0x4e054505, 0x60055605, 0x73056a05, 0x84057c05, 0x96058c05, 0xa8059f05, 0xba05b005,
    0xcd05c405, 0xdb05d405, 0xe905e205, 0xf705f005, 0x0506fe05, 0x13060c06, 0x1e061a06, 0x31062906, 0x45063d06, 0x56064d06, 0x69065e06, 0x77067006,
    0x87068006, 0x98068e06, 0xa8069f06, 0xb806af06, 0xc806bf06, 0xd806d106, 0xe606df06, 0xf606ed06, 0x0607ff06, 0x14070d07, 0x22071b07, 0x32072b07,
    0x40073907, 0x4e074707, 0x5c075507, 0x6f076307, 0x89077b07, 0xa3079707, 0xbb07af07, 0xd307c707, 0xed07e107, 0x0508f907, 0x1a080d08, 0x6a085c08,
    0x65726241, 0x6d416576, 0x6f726361, 0x676f416e, 0x6b656e6f, 0x75636143, 0x63436574, 0x20128261, 0x24058644, 0x74616f72, 0x2a0b8445, 0x746f6445,
    0x65636361, 0x8545746e, 0x85452035, 0x63472535, 0x616d6d6f, 0x49201985, 0x49201985, 0x4b201985, 0x4c20198a, 0x4c205b84, 0x4c204984, 0x4e20178a,
    0x4e201784, 0x4e201784, 0x4530178a, 0x684f676e, 0x61676e75, 0x6c6d7572, 0x4f747561, 0x52205985, 0x52202e84, 0x52202e84, 0x53202e8a, 0x532c1784,
    0x69646563, 0x54616c6c, 0x54726162, 0x75272384, 0x3130696e, 0x8b553236, 0x8555204a, 0x8555204a, 0x725525a4, 0x57676e69, 0x573a3e84, 0x63726963,
    0x6c666d75, 0x64577865, 0x65726569, 0x57736973, 0x76617267, 0x19895965, 0x10845920, 0x30845a20, 0x12415a20, 0x2e412b08, 0x61313030, 0x76657262,
    0x5e856165, 0x5e856120, 0x28846320, 0x8c846320, 0x05866420, 0x616f7224, 0x0b846574, 0x40886520, 0x35856520, 0x35856520, 0xda8a6720, 0x19856920,
    0x19856920, 0x3223d083, 0x8a6b3733, 0x846c2020, 0x846c2062, 0x8a6c2050, 0x846e2017, 0x846e2017, 0x8a6e2017, 0x6e652317, 0x0f416f67, 0x856f200b,
    0x84722060, 0x8472202e, 0x8a72202e, 0x8473202e, 0x41732017, 0x7424065a, 0x74726162, 0x210a5a41, 0x4a8b7533, 0x4a857520, 0xab867520, 0x6e697224,
    0x3e847767, 0x40417720, 0x41772009, 0x7726075a, 0x76617267, 0x19897965, 0x10847920, 0x30847a20, 0x19417a20, 0x22f18308, 0x85303134, 0x85312006,
    0x85322006, 0x84332006, 0x86392006, 0x8434201b, 0x3531210d, 0x30200684, 0x36202986, 0x37201485, 0x38200685, 0x39200685, 0x41200685, 0x42200685,
    0x43200685, 0x44200685, 0x45200685, 0x46200685, 0x32200684, 0x32206185, 0x32205385, 0x32207d85, 0x30207d85, 0x32202985, 0x32207d85, 0x32207d85,
    0x32206f85, 0x32207d85, 0x32207685, 0x32207685, 0x32206885, 0x32207d85, 0x30207d85, 0x7d853e86, 0x37853020, 0x45863020, 0x8b856186, 0x09413320,
    0x31332105, 0x33209984, 0x33208b85, 0x39208b85, 0x4c851486, 0x8b853320, 0x14863520, 0x33205385, 0x33205385, 0x33209285, 0x33209285, 0x33208b85,
    0x33208b85, 0x3320a085, 0x33208b85, 0x33207d85, 0x34207d85, 0x20050941, 0x20538534, 0x207d8534, 0x207d8534, 0x20298535, 0x207d8534, 0x207d8534,
    0x206f8534, 0x207d8534, 0x20768534, 0x20768534, 0x20688534, 0x207d8534, 0x207d8534, 0x853e8635, 0x8535207d, 0x86352037, 0x2c618645, 0x72657a46,
    0x75732e6f, 0x6e6f7362, 0x21078465, 0x0f857774, 0x72687423, 0x23118565, 0x72756f66, 0x66221a84, 0x11857669, 0x78697322, 0x73241084, 0x6e657665,
    0x65240984, 0x74686769, 0x6e210984, 0x84488669, 0x6e642359, 0x59836d6f, 0x59830783, 0x59840784, 0x59840983, 0x59830884, 0x59830883, 0x59840784,
    0x59850983, 0x59840983, 0x59840883, 0x6d756e23, 0x83598372, 0x84598307, 0x83598407, 0x84598409, 0x83598308, 0x84598308, 0x83598407, 0x83598509,
    0x83598409, 0x6e752608, 0x37303269, 0x23068230, 0x39423030, 0x32200685, 0x33200685, 0x34201b85, 0x35200685, 0x36200685, 0x37200685, 0x38200685,
    0x37830685, 0x30322108, 0x75453930, 0x70616f72, 0x786f7270, 0x61757165, 0x706d656c, 0x65737974, 0x65726774, 0x72657461, 0x69331384, 0x6e69666e,
    0x69797469, 0x6765746e, 0x6c6c6172, 0x84737365, 0x6f6e2218, 0x2a078474, 0x74726170, 0x646c6169, 0x82666669, 0x75643a48, 0x61727463, 0x61636964,
    0x6d75736c, 0x6974616d, 0x72616e6f, 0x75776f72, 0x227a8370, 0x84373931, 0x6972240d, 0x85746867, 0x84382010, 0x6f642310, 0x0f856e77, 0x0f843920,
    0x66656c22, 0x36201f86, 0x62230f84, 0x8468746f, 0x70752a08, 0x6f6c6e64, 0x676e657a, 0x202f8465, 0x23e08331, 0x38303330, 0x06820d82, 0xa3823720,
    0x63657629, 0x61626d6f, 0x84747563, 0x20188508, 0x20068542, 0x20068532, 0x86068543, 0x7441243b, 0x8a646c69, 0x8434202b, 0x8531201d, 0x05d7432b,
    0xe5433320, 0x43332005, 0x332005de, 0x20056e43, 0x05604333, 0x60433320, 0x23838205, 0x7361632e, 0x88839683, 0x8d880b84, 0x92880d84, 0x4220278a,
    0x32200b8a, 0x43200b8a, 0x36200b8a, 0x41200b8a, 0xb0880b84, 0x3420198a, 0x32210b89, 0x200b8a37, 0x340b8438, 0x4777656e, 0x6870796c, 0x63746942,
    0x736e696f, 0x6f626d79, 0x0952556c, 0x63285c23, 0x3954555c, 0x3c552020, 0x00500906, 0x010002a0, 0x79004200, 0xe000a200, 0x11010101, 0x67012601,
    0x9b018601, 0xd301c201, 0x2002de01, 0x66023102, 0x7d026902, 0xa4029502, 0xd802d402, 0x1203e202, 0x44033e03, 0x6b036103, 0x92037603, 0xbd03a703,
    0xc803c403, 0xdb03ce03, 0x3b042304, 0x81047604, 0x9d048b04, 0xe404ac04, 0x0705fa04, 0x23051b05, 0x4c053805, 0x57055005, 0x67056005, 0x83057805,
    0x91058c05, 0xce05b905, 0xe805d605, 0x27061606, 0x35062b06, 0x43063e06, 0x58064d06, 0x68066406, 0x7b067406, 0xaa068506, 0xc106bd06, 0xd606d306,
    0xe806e306, 0x0507f806, 0x13070e07, 0x1c071707, 0x27072307, 0x50074507, 0x61075c07, 0x71076c07, 0x7d077907, 0xa7079807, 0xb607b007, 0xc007bc07,
    0xd907cb07, 0xe307de07, 0xf307ed07, 0x0108fa07, 0x0a080608, 0x2b081f08, 0x35083108, 0x44083d08, 0x56084c08, 0x65085e08, 0x82087508, 0x9d089308,
    0xaf08a708, 0xbb08b708, 0xce08c108, 0xdf08d208, 0xf908eb08, 0x11090609, 0x20091a09, 0x31092409, 0x3f093809, 0x57094b09, 0x6c096309, 0x82097809,
    0x92098a09, 0x9e099809, 0xae09a309, 0xbc09b709, 0xfb61fb15, 0xfb30fb32, 0xf762fb62, 0xf7210782, 0x2a018261, 0xf730f731, 0xf71f8c62, 0x82fb8a62,
    0x61fb2f0a, 0x0400fb1b, 0xfbf621f7, 0xfb26fb00, 0x06822026, 0xfb212d08, 0x00f72022, 0x1d4f26f7, 0xfb150e1f, 0xfb14fb31, 0xfb3afb0d, 0xfb12f738,
    0xf733f70f, 0xf711f734, 0xf739f70e, 0xf713fb3a, 0x1f32fb0d, 0xea2f3d82, 0x212142d7, 0x2b2b4240, 0xf5f5d440, 0x82ead4d7, 0x32fc3b36, 0x441cfb07,
    0x442a2a55, 0x1e1cf7c1, 0x07fb32f8, 0xfb0739fc, 0x2b0ef757, 0x018235f7, 0xf7eb0e3f, 0x39f81e57, 0xfb560e07, 0x8cf7558c, 0x05e3f733, 0x330624fb,
    0xfb56e3fb, 0x8bf7568b, 0x3b0f8332, 0x4ef70608, 0xf70550fd, 0xf7ce0622, 0xcdf7ce91, 0xcf069d05, 0xfbcecdfb, 0x21f70591, 0xf9221a82, 0x9d820550,
    0x07b1b108, 0x2d4c5621, 0xe0b86739, 0xfbd8f71e, 0x07effb05, 0x3ad41afb, 0xc6e00ef7, 0x1eb2cab3, 0xf40a580b, 0xebebd5cf, 0x212241d4, 0x1f2b4242,
    0x706d150b, 0x1f87a50a, 0xcc05345d, 0xae0a5406, 0x6f9d6f8a, 0x08fb0e1b, 0xbd9b63a4, 0xb5bec81a, 0x65bbe9e9, 0xf71e9f51, 0x03f70606, 0xfbe63a77,
    0x1afb1b44, 0xfb420ffb, 0xf517fb1f, 0x6d1cf765, 0x6e16f71f, 0x1a4a80c4, 0x2d66554a, 0xb55503fb, 0xfb1e76dc, 0x150b0606, 0xfafb33fb, 0xfaf730fb,
    0x060dfb05, 0x74fc6df7, 0xd4fb25fb, 0x060df705, 0xb4f900f8, 0x5dfc0e05, 0x5df850fd, 0xecfb00f7, 0xd3f757f7, 0xd3390782, 0xfa0b49f7, 0x6e65153f,
    0xa866666f, 0xa7b2b16f, 0x6fb0b0a7, 0x1d9064a7, 0x22118564, 0x82a8b2b2, 0xa76e2a11, 0xfb0b1f64, 0xfb0afb3a, 0x0805820e, 0x0bf73ae9, 0x3bf70cfb,
    0x3a0a390b, 0xafabb20a, 0x0b1fd8d1, 0xca1aafa2, 0x2621c855, 0x8439544b, 0xb706ee1e, 0xb19fa691, 0x76a2b31b, 0x79736c6c, 0x4b581f6d, 0xcbe81306,
    0x799fac06, 0x73726968, 0x9f6d615c, 0x281f82b7, 0xcd943a06, 0x1b01f754, 0xcabe08f7, 0x85d00bca, 0x1a7278a1, 0x617e6f6f, 0x8c8e7977, 0xf70b1e83,
    0x65fb061f, 0xf7059ff7, 0xd6cca003, 0xf71a07f7, 0xfbe53518, 0xb5fb1e2c, 0x99f71d59, 0xfb0600f7, 0x15dff700, 0xe70638f7, 0x47475cb7, 0x1f2e5b60,
    0x0e0638fb, 0x3c0e0a31, 0x05dab215, 0x130a513d, 0x13075170, 0x5c0a3eb0, 0x150e1f94, 0xd4d903f7, 0x1df71df7, 0x0abad53d, 0xfb1dfb41, 0xf742d81d,
    0xa50b1f04, 0x6a977a6c, 0x63614e1b, 0xd11f03fb, 0x05b80b06, 0xb4bac0e2, 0x59cc1aca, 0x01fb20cb, 0x833b4a51, 0xbe3d08cb, 0xb4a0a591, 0x76a0b21b,
    0x79786a6d, 0xfb1f5543, 0x0502fb26, 0xdaf4f744, 0x3d7f0e07, 0x03f70b0a, 0x03f7b9f7, 0x0e05b9fb, 0xf71d81e3, 0xf700f750, 0xfb0a9750, 0x00fb4bbc,
    0x41bcfbcb, 0x2411820a, 0xfb00f70e, 0x0807820e, 0xf7061964, 0xfb27f221, 0x2423fb22, 0x1f21fb28, 0xfb1f9f0e, 0x0527fb16, 0xf7f506f2, 0xd6cac20d,
    0xd754d61a, 0x8c1e06fb, 0x5d1564fb, 0xb0b1a673, 0xb9b8a8a4, 0x64666ea3, 0x1f5f7171, 0x130a210e, 0x771d36e8, 0x20f714f7, 0x27f7bc12, 0x1d7f16fb,
    0x0ef7f013, 0x6215b2f9, 0x1f0a610a, 0x0b53e813, 0x47480a85, 0x508247f7, 0x890b5c08, 0x79887a83, 0x9976651b, 0xf8150bab, 0x0578f808, 0x84fc00f7,
    0xf7f700fb, 0xfc08fc07, 0x00fb0578, 0x00f796f8, 0xa8fb0e07, 0xa1715904, 0xa1a3acac, 0x75a3bfbf, 0x75716a6a, 0x250e1f59, 0xb21514f7, 0x6e6b76a4,
    0x62627674, 0xaba8a074, 0x1fb2a0a4, 0xf81d600b, 0x0b00f790, 0x820305f7, 0xf8440803, 0xfa0b07ba, 0xcf471529, 0x38fb37fb, 0x0b0558be, 0x08f80cf8,
    0x9bf72b15, 0x7906fb07, 0x09fb462e, 0x2d2bfb1b, 0x22f704f7, 0xf6f22af7, 0xd9ee23f7, 0x1fb13b59, 0xf7060df7, 0x14fb5f22, 0x1b37fbeb, 0x2efb63fb,
    0x8d080182, 0xf765fb65, 0xf72cfb2d, 0xea11f75a, 0x1face5c9, 0xcff7150b, 0xf605e4f7, 0xf7204dfc, 0xcefb07bc, 0x2005e4fb, 0x07f664f8, 0xa046f70e,
    0xf7b7f876, 0x12778b2d, 0xf805f7d8, 0x1305f74e, 0x6df8f8b8, 0xfb5dfb1d, 0xf75dfbc2, 0x19fb05c2, 0x13061d59, 0x07b7f8d8, 0xdafb6bf7, 0xf7069605,
    0x05daf76c, 0x1d6fb7fc, 0x72757e61, 0x9d9a7a76, 0x900b1e75, 0x31f7ee7f, 0xed14f7e7, 0x6f6e5e0b, 0xa76e5e5f, 0x319e1eb8, 0xd72a0774, 0xfa0be351,
    0xcc85156d, 0x48f77208, 0x0b0527f7, 0xaa0a3f94, 0xf903e8f8, 0x77fb1607, 0x70f7f6f7, 0xfb05eef7, 0x2ffb061a, 0x2ffb8efb, 0xfb058ef7, 0x6ef7061b,
    0x78fbe7fb, 0xf705fdfb, 0x37f7061a, 0x39f79ef7, 0x0e059efb, 0x71a5ac04, 0x72716869, 0xa4706b6a, 0xad1f8cae, 0xaba5a68a, 0x60d70b1b, 0x77f0f81d,
    0xe4f71dbf, 0x150b1d91, 0x075ef73c, 0xd3fb33fb, 0xf706e705, 0x05e3f739, 0x08df82ca, 0xf7f62654, 0x0b22f700, 0xa7a59aae, 0x52cc1ab6, 0x522121bc,
    0xa5604a5a, 0x1e7cae6f, 0x7caef90b, 0x9670130a, 0x1e1d860a, 0x1d58b013, 0x1f04f7b3, 0x1d87760e, 0x6062ca0b, 0x0b1fb40a, 0xf805f715, 0x0605fbba,
    0x0a756a0e, 0x0b77baf8, 0x281574fa, 0x0a4e59fb, 0x0785accb, 0x8efb0b3e, 0x39fb4ef7, 0x76a3f776, 0x9daa710b, 0xc81bab7f, 0x50fd0bb6, 0xee0b05f7,
    0xc6f776a0, 0xb2377782, 0xf7dd0177, 0x41fbf705, 0x6dbef81d, 0xfbb2fb1d, 0xfbb2f7fb, 0x821d5905, 0xfb22081c, 0x1d6fc6fb, 0x451501fa, 0x46455354,
    0xd0d052c3, 0x68d0c4c5, 0x1d4c490a, 0x010a570e, 0x0a6a0aad, 0x4a415f0b, 0x1eb73505, 0x0775319e, 0xe350d72a, 0xf703bb0b, 0x15a2f9f4, 0x0dfb29fb,
    0x29230182, 0x82f729fb, 0x29f72107, 0x0d220182, 0x05820df7, 0x11821782, 0x1f292b08, 0xfb0481fc, 0x0a6e0b0f, 0x01fb3cf7, 0x24fb0bf7, 0x66fc721f,
    0x7f0a4615, 0xf90b00f7, 0x8efb1596, 0x068ef738, 0xee34ee0b, 0x048214f7, 0x010b3608, 0x0b1d41dd, 0x058d0a64, 0x8a5d4c46, 0xfb440e1d, 0x06d60538,
    0x8e46f7e9, 0x0a3fab0b, 0x00ffb0f7, 0x03008071, 0x1d79120b, 0x8b67f70b, 0x76290bf7, 0x06f748f8, 0x20dd820b, 0x214f82fa, 0x4f8227fa, 0x4f833720,
    0x9f9aa822, 0x3020a944, 0x76a0a30b, 0xf7ef99f7, 0x0100f77b, 0xf705f7dd, 0x08e682c0, 0x1550f926, 0x40fb150b, 0x43f76bf7, 0x63b1e206, 0x61624948,
    0x860e1f34, 0xf7d30e0a, 0xd4f1cb02, 0x1d62ad12, 0x120bf213, 0x3c082e82, 0xf902fc0b, 0xf7017796, 0xf703ec2c, 0x9596f95a, 0x821af70a, 0xf77f05f7,
    0x1300131c, 0x4bfb0bf4, 0x3c0584fb, 0xfc0b62f7, 0x0b0a6929, 0x0b0a7677, 0x1d7da3f7, 0x7679fb0b, 0x0b77b4f9, 0x3cb282bb, 0x15a9b4f8, 0x423e04fb,
    0x1dfb1dfb, 0x04f741d8, 0xd5d903f7, 0x1df71df7, 0x03fbd43d, 0x83d0821f, 0x0df82e92, 0x7c0b1d41, 0x687f6460, 0xb766441b, 0x271682db, 0x0b1d32b7,
    0xd80a3fe6, 0xfc20ae82, 0x53081b82, 0x001305f7, 0x5035150b, 0x1f644b64, 0x00f78b0b, 0x53e47f0b, 0xe3b7f776, 0x6af7e351, 0x12777fe4, 0x48f7eedd,
    0xed3af7ee, 0x0bee49f7, 0xe305f706, 0xf718f7c8, 0xfbc03718, 0xdf0b1f05, 0xc5c5b1ab, 0x0b3765ab, 0x6ac59afb, 0x9ca10b76, 0x0ba0797c, 0x0b7750f9,
    0x2a057a42, 0x1d470645, 0x88f7e30b, 0x83ad01e4, 0xf7033a43, 0x4e5f0b73, 0xf40b0a39, 0x0b0ff7c5, 0x3415c6f8, 0x634c6049, 0xf8760b1f, 0x087582e4,
    0xf976a050, 0x0b017796, 0x634e7647, 0x1f0b1b43, 0x0b1677f7, 0x0b0307f7, 0x5e461b61, 0x1f02fb5c, 0x9bbc06dc, 0x9da4ada5, 0x1eb8727b, 0xb2a0a40b,
    0xfbf2131f, 0x715904a8, 0xcd0aac0b, 0x960b05f7, 0xfb0b1e0a, 0x1daba07a, 0xf70bc813, 0xa6aff7b6, 0xde820b1d, 0x07eab008, 0x7c0b0a6e, 0xf777f71d,
    0x76fbf576, 0xf81d810b, 0x0100f778, 0x5b0a3e0b, 0x0bad1f94, 0x27fca4fb, 0x0541f792, 0x0a667af7, 0x0b0719f7, 0x46fc0abe, 0x00130abb, 0x2cfbb013,
    0x05e2b90b, 0x2f5d064b, 0x798c7383, 0x78a86908, 0xf7da0ba7, 0xf701d496, 0x0b03eea3, 0xe12df706, 0xf719f7dd, 0x01da0b1a, 0x03c0f7ad, 0xd47f0bad,
    0x3ff77663, 0x0a690bca, 0xdd010b01, 0x0b0389f8, 0x83f70177, 0xf4f71d41, 0x05fb1d6d, 0x0a45150b, 0x062df70b, 0x58699fd0, 0x4667765a, 0xbf770e1f,
    0xf79df70a, 0xf8bc1305, 0xb3f80b39, 0xfcadfb07, 0x462c1554, 0x821ff2d4, 0x3ef726a2, 0x7740f7ef, 0x30d48301, 0xf752f876, 0xa8777f08, 0x120b1d76,
    0xf706f7c1, 0x82e882e1, 0x00370835, 0x71770b00, 0xf7150b1d, 0x3ba5f7a6, 0xfb1dfbda, 0xfd0b0522, 0x06f70596, 0x6bbe0e06, 0x1e9b62ad, 0x808c8d0b,
    0x2558131f, 0x88981307, 0xfb52060b, 0x06f3056c, 0x826cf7c4, 0x05384888, 0x776f6d24, 0x75830b6a, 0x0a585a23, 0x08ce821f, 0x1df7223e, 0xa5fbdb3c,
    0xfc0ba6fb, 0xf805f7ba, 0x0691f750, 0x1541f80e, 0xa3f747fb, 0xf882f80b, 0x072d15ba, 0x6e00ff0b, 0xf70b0080, 0x0100f789, 0x27f7e50b, 0xf71b0be5,
    0xf7d2e306, 0x07b21f2c, 0xc1084a82, 0x3c23f71e, 0x010e053b, 0x0b07f7dd, 0x00220001, 0x0100ab00, 0xac000087, 0x01880102, 0x0001af00, 0x2300008a,
    0x018a0101, 0x0000b100, 0x9a000025, 0x018c0100, 0x00002600, 0x8e0100b2, 0x01b30000, 0x00008f01, 0x900100b5, 0x01270001, 0x00009201, 0xb6000129,
    0x01930103, 0x01012b00, 0x2d000095, 0x02960100, 0x00008c00, 0x9901012e, 0x00ba0003, 0x00003000, 0x9d0103bb, 0x008d0001, 0x0000bf00, 0x3100008e,
    0x009d0000, 0x01013200, 0x3400029f, 0x00a20100, 0x0100c000, 0x350000a3, 0x02a40100, 0x00003600, 0xa70103c1, 0x01370003, 0x0003ab01, 0xc5000139,
    0x00af0100, 0x0100c600, 0x3b0000b0, 0x98820100, 0x00c74408, 0x0001b201, 0xc8000042, 0x00b40100, 0x0102c900, 0xcc0001b5, 0x00900001, 0x01014300,
    0xce0001b7, 0x00450000, 0x0100a700, 0x460001b9, 0x00cf0000, 0x0000bb01, 0xbc0101d0, 0x00d20000, 0x0001bd01, 0x82010147, 0x4916098c, 0x00910001,
    0x0103d300, 0x4b0001c0, 0x00c20100, 0x01004c00, 0x4d0000c3, 0x02c40100, 0x00009200, 0xc701014e, 0x00d70003, 0x00005000, 0xcb0103d8, 0x00930001,
    0x0000dc00, 0x51000094, 0x00a20000, 0x01015200, 0x540002cd, 0x00d00100, 0x0100dd00, 0x950000d1, 0x00550000, 0x0002d201, 0xde000056, 0x03d50103,
    0x01015700, 0x590003d9, 0x00e20001, 0x0000dd01, 0xde0100e3, 0x005b0000, 0x0000df01, 0xe00100e4, 0x0911004c, 0x00092d02, 0x9b000063, 0x009e0000,
    0x0100a300, 0x37020340, 0x000b001d, 0x00003d00, 0x74000072, 0x001b0000, 0x00000d00, 0x02000079, 0x00600000, 0x00000400, 0x2000000f, 0x007b0000,
    0x00000300, 0x1c000068, 0x00100000, 0x00004000, 0x5e00005c, 0x003c0000, 0x00003e00, 0x89000109, 0x006f0000, 0x00000e00, 0x7800006a, 0x016b0000,
    0x00007600, 0x77000069, 0x00410000, 0x00000800, 0x01000075, 0x00550200, 0x00006100, 0x05000067, 0xb9820200, 0x0062860c, 0x02006400, 0x5f000057,
    0x009f0000, 0x00005802, 0x5902011e, 0x001d0002, 0x00005c02, 0xa6000097, 0x00a80000, 0x00015d02, 0x7a000006, 0x000c0000, 0x02009c00, 0x5d000d5f,
    0x00a00000, 0x00002100, 0x73000007, 0x00aa0000, 0x0000a500, 0x99000066, 0x00a10000, 0x00006d02, 0x7000003f, 0x1e6e0201, 0x00007d00, 0x88000081,
    0x00850000, 0x00007e00, 0x82000083, 0x007c0000, 0x00008600, 0x87000080, 0x00840000, 0x02007f00, 0xe801018d, 0x00010002, 0x00be00bc, 0x01f800d1,
    0x01300114, 0x01610145, 0x02e5019f, 0x026b0214, 0x0274026d, 0x028c027f, 0x031303f4, 0x033e0315, 0x034f0340, 0x03770362, 0x03b40393, 0x04fc03e7,
    0x0459041c, 0x0492047d, 0x04bc04ba, 0x04db04c8, 0x051005f8, 0x05380524, 0x05aa0576, 0x05d805bb, 0x06ed05dc, 0x06510624, 0x067b0679, 0x068e0683,
    0x06bd069b, 0x072007ee, 0x07340728, 0x07610748, 0x077b076f, 0x08270896, 0x08cb0852, 0x091f09cd, 0x097a0973, 0x09960987, 0x0a080aeb, 0x0a4b0a29,
    0x0a830a81, 0x0bcf0ab4, 0x0b090b01, 0x0b280b14, 0x0b560b49, 0x0b7b0b61, 0x0ce30bc4, 0x0c1f0c11, 0x0c4c0c31, 0x0c870c73, 0x0c910c89, 0x0cb00c9c,
    0x0d030df6, 0x0d160d0b, 0x0d510d24, 0x0d7a0d53, 0x0eec0da5, 0x0e620e26, 0x0fc40e8e, 0x0f6d0f0f, 0x105010b9, 0x10791072, 0x109c108f, 0x112111fc,
    0x12e71195, 0x12331227, 0x12541244, 0x1283126c, 0x12b1129e, 0x133413c8, 0x13aa1377, 0x143814fb, 0x14541444, 0x14811467, 0x14aa1496, 0x15f914bd,
    0x1521150d, 0x15581535, 0x15811563, 0x16e515b7, 0x166f160f, 0x16a81684, 0x17ee16c5, 0x17701732, 0x178c1778, 0x17bd17a0, 0x17df17d3, 0x188718f7,
    0x194f19b6, 0x19701951, 0x19ad19a5, 0x1af519e8, 0x1a581a34, 0x1aad1a83, 0x1b541be5, 0x1cb41b77, 0x1c541c00, 0x1c751c62, 0x1cb01c8f, 0x1deb1cc4,
    0x1d3c1d0b, 0x1da61d78, 0x1dd61dbb, 0x1e151ef7, 0x1e341e32, 0x1e541e41, 0x1e821e6d, 0x1e9d1e96, 0x1ec11eb4, 0x1fe21ee0, 0x1f281f26, 0x1f611f3d,
    0x1fc21fb3, 0x202c20e3, 0x20a2209a, 0x21dd20cc, 0x211c211a, 0x2126211e, 0x21472145, 0x2150214e, 0x22b22177, 0x22392237, 0x22a02274, 0x230023cc,
    0x235d2327, 0x24f32392, 0x24622456, 0x25f0247a, 0x2562253b, 0x262926c1, 0x264b2637, 0x269b268f, 0x27fc26b3, 0x27922766, 0x28f927d6, 0x28792839,
    0x28a828a0, 0x28c528c3, 0x28ef28cc, 0x291c29fc, 0x29862984, 0x2ae529c2, 0x2a452a13, 0x2aa02a65, 0x2b3b2bd9, 0x2ba62b9a, 0x2c1a2cbb, 0x2cb32c66,
    0x2d1c2dce, 0x2eca2d89, 0x2e7f2e26, 0x2f212f9e, 0x2f932f7b, 0x2fa32f95, 0x2fd42fba, 0x2ff02fee, 0x304f30fa, 0x3077305f, 0x31e530a2, 0x3295315c,
    0x328d3205, 0x331233dc, 0x33463331, 0x34d733a9, 0x34703424, 0x35bd347c, 0x35293513, 0x35463538, 0x3577355d, 0x35ec3591, 0x360236f6, 0x362a3612,
    0x363a362c, 0x366b3651, 0x36873685, 0x369d3691, 0x36e036ad, 0x370d37f4, 0x3741372f, 0x3780374f, 0x38fc37bd, 0x38683856, 0x393c39d1, 0x39653955,
    0x39a1398d, 0x3a063ab5, 0x3a713a56, 0x3bc63a8b, 0x3b153b01, 0x3b3e3b29, 0x3b7f3b5d, 0x3ba03b94, 0x3c153ccb, 0x3c623c41, 0x3c903c82, 0x3d963c93,
    0x3e923d05, 0x3fc43e3a, 0x3f813f2f, 0x400a40c0, 0x40cb4052, 0x410641e7, 0x41954126, 0x420542e3, 0x42414229, 0x428b4255, 0x434e43cb, 0x44e34380,
    0x4436440a, 0x4495445c, 0x45ee44c5, 0x4548451d, 0x458e4579, 0x46d745b4, 0x463d4604, 0x46964668, 0x47af469e, 0x48054858, 0x48834834, 0x498c49d4,
    0x4a0d4acd, 0x4ab84a98, 0x4b0a4bd7, 0x4b2e4b19, 0x4b444b3a, 0x4b644b53, 0x4b854b6d, 0x4b9d4b97, 0x4bc54baa, 0x4bf34be3, 0x4c104cfd, 0x4c374c25,
    0x4c674c46, 0x4c7f4c74, 0x4c9f4c8e, 0x4cc04ca8, 0x4ceb4cd3, 0x4d084df8, 0x4d294d1a, 0x4d4a4d43, 0x4d6b4d5c, 0x4d914d7b, 0x4db24da2, 0x4dcd4dc1,
    0x4df14de0, 0xfb814ef3, 0xf78efb1f, 0xc177392c, 0xada2adbb, 0xacc9acbb, 0xaea1c4a4, 0xacb1ada2, 0xaeafaea7, 0xadb1aca6, 0xd6ea12cf, 0x080083ad,
    0x9f13d962, 0x36f8e0ff, 0xfb1596f9, 0xf790fed7, 0xfa3d06d7, 0x4769154c, 0xfb6acf65, 0xb1cfac3e, 0xf007ad48, 0x441518fb, 0x3efb68cf, 0x68cf07f5,
    0xad676915, 0x154cf106, 0x2543476a, 0x47b1cfad, 0x3ef707ac, 0xfb25154e, 0x1cf7ae3e, 0xfbad07ce, 0x07fb1510, 0x07f73efb, 0xbbf139ad, 0xc4697469,
    0x45fbf107, 0x61081286, 0x6a1cf707, 0xf15b2515, 0x1552ad06, 0x13076a69, 0x44a00160, 0x69f3055b, 0x06ad3efb, 0x80019013, 0x4305bbd3, 0x2d0e06ad,
    0x120a300a, 0x1342f9aa, 0x437df8d8, 0xfdb4f71d, 0x1d391596, 0xe2ec0a30, 0xbc66f712, 0xf8de131d, 0x159df90a, 0xecc6d7e2, 0x7831a11f, 0x1e1d5d07,
    0x9dfd73f7, 0x130a2115, 0x268236ee, 0x0a2d3986, 0xf11502fa, 0xc8c900fb, 0xf7050a2c, 0x324286d9, 0x16f715f7, 0x5d55f712, 0xf7de130a, 0xf70a2998,
    0x8fbdfd02, 0xf97d2637, 0xf71d3bc9, 0x31308734, 0xf712df2b, 0x138ef78d, 0xf8dc1300, 0xed1d6a87, 0x3083d3fd, 0x36ec2508, 0x9afbee1d, 0x3b6ff7cb,
    0xa3f8120a, 0xf9ec13e3, 0xa3fb1661, 0xfb0550f9, 0xa3fb0624, 0xf70550fd, 0xf7d2060c, 0xc4350682, 0x50fbd206, 0x4806b805, 0x4e5f5b4e, 0x5afc1d2c,
    0x1315bbf7, 0x08a683f4, 0xf7cce53c, 0xf712ce0c, 0x09f7ce8c, 0xf8df13ce, 0x1596f909, 0xd1c3c5d0, 0x54450a68, 0xc3454553, 0xf71fd053, 0xa5ac044d,
    0x71696872, 0x706b6a71, 0x1f8cada5, 0xa4a68aae, 0x74f71bab, 0x83834ffe, 0x4583ef20, 0xbef02508, 0xbb5af70a, 0xf7d7130a, 0x15e8f9c5, 0x131f1d86,
    0xb41d58db, 0x451f03f7, 0x131d4706, 0x1e0a98d7, 0xe8fdb8f7, 0x20082e83, 0xf71d36e7, 0xdb1d8175, 0x00f793f6, 0x00f749f7, 0xf70cf812, 0xf9b81305,
    0x15e4f8d5, 0x17fc00f7, 0x21ba8a07, 0xbc84f813, 0x50fb2e21, 0x250806f3, 0xf7b81306, 0xf7d2f757, 0xf7d2fb00, 0xf8130749, 0xbdfb76fb, 0xf705f715,
    0xbefb05be, 0x0a2e0e07, 0x34f80a67, 0x0683257f, 0x1d4a4f25, 0x8435fe2c, 0xc427080a, 0x0a243cfa, 0x25a4fd9f, 0x8523f70a, 0x76a4f71d, 0x00f7f7f8,
    0x06f7c212, 0x13e37bf7, 0xeb33f8bc, 0x2423fb15, 0x82f20aa3, 0x2355088e, 0x3956daee, 0x0df71fb0, 0x5f25f706, 0xfbed15fb, 0x64fb1b36, 0x2ffb2dfb,
    0x4efb63fb, 0x24fb10f7, 0x1f7044f7, 0x2e05215d, 0x517c131d, 0x9bbc1307, 0x30f7ce1d, 0xec0ef791, 0x1920f7b6, 0x39060dfb, 0x28563c66, 0x8be30e1b,
    0x78f800f7, 0x50fd0a97, 0x78f80a41, 0x0f3750f7, 0x851d3721, 0x1d7b2320, 0x9b837ff8, 0xfb044323, 0x2e2a9889, 0x1d630a35, 0xe4f8aff8, 0x2900f715,
    0x840e071d, 0x432a260e, 0xfbcdf71d, 0x20128b46, 0x2348835a, 0x48fb8df7, 0xf721148a, 0x0b7a42b6, 0x308af320, 0xf701f734, 0x351d7116, 0x00130a5d,
    0x44f7f613, 0x1cf70a29, 0x39826dfb, 0xe8130725, 0x82061d29, 0x22208564, 0x821af7a7, 0xf7fc2520, 0x15bdf9b6, 0x21075852, 0x68526e65, 0x821f2005,
    0x82328c6c, 0xf92a26a6, 0xf71d3bc9, 0x26688b4d, 0x1d71df17, 0x828ef76d, 0xf8f42846, 0xf71d6a33, 0x8483fb10, 0x83f82067, 0xfb462967, 0x5af7cb9a,
    0x57f700f7, 0x27050a42, 0x05f7dd01, 0x03e32ef7, 0xfc26ef86, 0xf850fd5d, 0xb2420712, 0x0df35206, 0x460e0726, 0xbef776a0, 0x4e223782, 0x214100f7,
    0x5dfc2308, 0x14821d59, 0x2b82d320, 0x4ef7d337, 0x4af70e07, 0xf80aa47f, 0xbc13ed7e, 0x7c131d44, 0xf8ed20fb, 0x21148308, 0x524f8efb, 0xa4822c05,
    0xf757f70a, 0xed48f707, 0x82806e13, 0x809f2121, 0xfb332285, 0x2648fce3, 0xfc1d5a1d, 0xf976a008, 0xdd0a8450, 0x870a5f16, 0x4df7280b, 0x3ffb1d4a,
    0x8a1529fe, 0xf9c23012, 0x0a2c15d3, 0xf100f7f1, 0xfb0500fb, 0x8496fd32, 0x0a40321c, 0x16f715f7, 0x1d736012, 0x131d2aa3, 0xfe3dfbe8, 0x28348a3f,
    0x4d6dfae4, 0xfd3ffb0a, 0x821384c9, 0xdf2b2b2b, 0x9bf71d63, 0x49fb1d6a, 0x1384d3fd, 0x0aa22908, 0x127750f9, 0xf780e390, 0xdde81305, 0x50fd1d6d,
    0xf01307b1, 0x5f5b4e48, 0xc1471a4e, 0x131ed66f, 0x8eaaa1e8, 0xcc1f938c, 0x43081682, 0x131f1d3c, 0xafabb2e8, 0xf91ed8d1, 0x3d0e0750, 0xf0f81d60,
    0xf7aa0177, 0x6a7af706, 0x6d0bf80a, 0x076bfc1d, 0x4967592a, 0xeaad5b49, 0x06fbb11e, 0x2ffb0762, 0x14f73cee, 0xddf016f7, 0xf81e30f7, 0x9b0e076e,
    0x3908ec85, 0xfb160ef9, 0x4ffbf7d0, 0x579b0e0a, 0xae50f91d, 0x07f7df1d, 0xd2f77813, 0x4f15fbf7, 0x0623f70a, 0xbdfbbc13, 0x9b1d264b, 0x220a8b0a,
    0xe4f81d81, 0x18f80a84, 0xfd7e1d43, 0x1085152a, 0xf7362308, 0x1dae7f4e, 0x0ab915f7, 0x15f8d813, 0xba15a2f8, 0x9da392e6, 0x6e8aad1a, 0x6e1b6f9e,
    0x716a776f, 0x36557b9c, 0x12fb2605, 0x131536fc, 0x413682b0, 0x8e270790, 0xe4f800f7, 0x84a31dae, 0xf7572e71, 0xe4f81500, 0x50fd05fb, 0x00f744f8,
    0x22778207, 0x8340fb81, 0x49f72678, 0xa90ff707, 0x35138205, 0x056d0ffb, 0x05fbc3f7, 0x4b07dffb, 0x00fb057b, 0x059bcb07, 0x2e8499fb, 0x1d460e29,
    0xbaf81d7e, 0x833050f9, 0x43792507, 0x4589f71d, 0xa92a0a84, 0x0a243cfa, 0x304349f7, 0xdf83e61d, 0xd812772e, 0x12f705f7, 0x0bf707f7, 0x7a1305f7,
    0x31323183, 0xfbbe130a, 0x2690fdb5, 0x9afbe61d, 0x5246f7f4, 0x2383011d, 0x8441fc21, 0x2b22084f, 0x066aa00a, 0x445f663b, 0x9a976567, 0x2f781e5f,
    0xcaa97905, 0x1dbdca75, 0x0e0750f9, 0xf00a40e6, 0x2d820abe, 0x0abb8f29, 0x131d7f8f, 0x45c1f7d5, 0xea20060e, 0x320a0e45, 0x1e0a98d5, 0x8df7d913,
    0x1d302cfb, 0x33f80a32, 0x83205cf9, 0x4a622607, 0xfb07fb1d, 0x200b8461, 0x0b5242d6, 0x2051263a, 0xec0a431d, 0xbf0116f7, 0x5dce06f7, 0x1d91cf0a,
    0x1d2ac0f7, 0x77fb04fb, 0x02242c84, 0x0a4d6dfa, 0x01203a82, 0xf7270d83, 0xfb1d56fe, 0x838bfb2b, 0x0bf72232, 0x2f3283df, 0x8ef710f7, 0x1d910ff7,
    0x1d6ab0f8, 0x0bfb11fb, 0x51221a83, 0x4c8212dc, 0xb985f83b, 0xf8b8130a, 0x1522f9fc, 0xfb05dcb1, 0xd8130607, 0x95056579, 0x6690676a, 0x08ee571b,
    0xfbca1635, 0x1f4ced03, 0xf7053a65, 0xb19d0606, 0xafad8105, 0x571bb186, 0x240809fd, 0xf78ab813, 0x02f74c17, 0x1308ca29, 0xfb56fcd8, 0x1d4f15c4,
    0x86899f9f, 0x69fb1e9e, 0x510556fc, 0xe0d366b9, 0x32ed821a, 0x77761592, 0x1f77908d, 0x56f86af7, 0xb05ec505, 0x581a3543, 0x1e260624, 0xd00a430e,
    0x90820abe, 0x0abbd336, 0x1307f7d4, 0xfa9cf8ef, 0x130a7c39, 0x860a98df, 0xef131e1d, 0x2a053c41, 0x71fb43fb, 0x95f81d20, 0x442b1d60, 0x0a820934,
    0xf735c985, 0xfa761305, 0x15e4f8f5, 0x5efc00f7, 0xae13072f, 0xb3334fcb, 0x20c68927, 0x05b55862, 0xb3e3ef2e, 0x131fc7cb, 0x5ef82f76, 0xedfb00f7,
    0x82094657, 0xfdfb2431, 0x581584fc, 0xf72008b1, 0x280cc858, 0x0a440e1f, 0xf776a09c, 0x207a8225, 0x3939828b, 0x715cf700, 0xb9c5f71d, 0xf8ec130a,
    0x15f4f805, 0x130642fb, 0x05fbe7dc, 0x22821d59, 0x07422f08, 0xeae82df7, 0x131f1ef7, 0x2e1ef7ec, 0x1e2dfbe7, 0xfb87dc13, 0x3efb15f7, 0x3ef78bf7,
    0x57b6e706, 0x56604444, 0x320e1f2f, 0xf79ef90a, 0x405915f2, 0x0e64590a, 0x99c4c73b, 0xf71fbda4, 0xe225fb01, 0xf700fbcc, 0xb3ccce22, 0x19f38ce7,
    0x4f16f8fc, 0x86a08d1d, 0x0e1e28b7, 0x8bf81d6c, 0x821d2f16, 0x43582706, 0xfd7bf71d, 0x0c841596, 0x3cfa8828, 0x3bf70a24, 0x0e8298fd, 0x1d57a322,
    0x2e062253, 0xf7e31d71, 0x06f7ec07, 0x45f87d13, 0x57159ff7, 0xf72b17ac, 0x0599fb5c, 0xfc061ff7, 0x57e4f853, 0x13340fb4, 0xfc26f7bf, 0x7d1d263d,
    0xf8ddf70a, 0x1d271530, 0xe19e0dfb, 0x5836ab82, 0xf711f71b, 0x2df7c71c, 0x0e1f0a8d, 0x05f80a7d, 0x00fb1d4a, 0x20998dfc, 0xa1837a20, 0xfcfb9222,
    0x86302196, 0xa3f71d85, 0xf5faf876, 0x05f7c712, 0xd5e32ef7, 0x3508b582, 0xf7eff8be, 0x0a8d155d, 0x9c1d271e, 0x2ad100fb, 0x5e772df7, 0x05ce0a65,
    0xf7900df7, 0x27f7c811, 0x0a6d0e1a, 0xf776a05c, 0xf700f7bc, 0x0100f750, 0x1d4188f7, 0x2442cff8, 0x82b02005, 0xfb6928a3, 0x00fb2f50, 0x82bcfbe7,
    0xe9bc2b51, 0xf72d00f7, 0x5c0e0750, 0x27840aa0, 0x8f836520, 0x43a2f72e, 0xf70a9a15, 0xf7e4f805, 0x5c0e066a, 0xab2e8382, 0xf7121d8d, 0x5805f788,
    0xf7b813e3, 0x188316f9, 0x9a00f72c, 0xb413070a, 0x130a519f, 0x08825178, 0x5b0a3e32, 0xb8131f94, 0x0e05dab3, 0xa9f81d4d, 0x1d2250f9, 0x2e250782,
    0xfbc21d4a, 0x200a846d, 0x0bdf43a3, 0x2245cf23, 0x0564561d, 0xf715f738, 0xf7dd1216, 0x0a5d7c07, 0x130ab980, 0x2a8df7ec, 0xc4f2131d, 0x348383fb,
    0xfacef728, 0xc20a4d6d, 0x0c840dfb, 0x1d56ca25, 0x8897fb9e, 0xdf2b3038, 0xf7b41dbf, 0x1d91b88e, 0x1d6a7cf8, 0x8217fbb8, 0x9afb2f19, 0xf74ef7cb,
    0x77f0f800, 0xe3d11dbf, 0x1b8246f7, 0x1d6da922, 0x351b4e5b, 0x4f068f1e, 0x52616154, 0x05f71d2c, 0xf7e8d9aa, 0x39f81a2f, 0x9b850e07, 0xf7cce52b,
    0x1dbfce0c, 0x09f7ceb3, 0x086682ce, 0x5efef74f, 0xfb3ff70a, 0xb11d2293, 0xfb16f78b, 0x121d5201, 0x1305f9aa, 0x6dacf870, 0xfbb0131d, 0xfbcefc55,
    0x05cef854, 0xf7060cfb, 0x0550fd84, 0xf70624f7, 0x0550f985, 0xf90a5b0e, 0x331d6ded, 0x1305e3fb, 0x5b1d23b0, 0x43fef80a, 0x4537f81d, 0x20118a15,
    0x0ab7488a, 0x895df821, 0xf7f73d1a, 0x2b09f78b, 0xf7caf876, 0xf701f71a, 0xd5f71216, 0x7c130a5d, 0x0a2918f8, 0x01fb86f7, 0xbc204185, 0xf9255385,
    0xf71d3bc9, 0x2d3a89b7, 0x1d661d4b, 0x50f91ef9, 0x1d660a37, 0x71825cf8, 0x83450a21, 0xe9f7210a, 0x2f206a8b, 0xab201382, 0x2e06b647, 0x1af734f7,
    0x7100ff81, 0xffff0080, 0x550080f4, 0xf72105ff, 0x206a8277, 0x3f6a8258, 0xfb0613fb, 0xfbe2fb4a, 0x05e2f74a, 0x130614fb, 0xfc91f7e8, 0x83fb0561,
    0x8c0705f7, 0x0e0585f7, 0x82846483, 0x52828a20, 0xf70a8830, 0x3d00f74a, 0xf80a881d, 0x581d4331, 0x0a842afd, 0x3cfa622b, 0x08fb0a24, 0x1d3d2cfd,
    0x05055556, 0x0127d383, 0x1af77bf7, 0x49bef703, 0x2c821371, 0x3d512108, 0xa30a2d1d, 0x777f1d35, 0xe0f71d67, 0x9c131d7f, 0xac131db9, 0x0a2263ca,
    0x1fb3cab4, 0x422f5c13, 0xfb260e82, 0x255afcad, 0x26840e1d, 0xa886f72f, 0x130a420a, 0x406cf79e, 0x13072d15, 0x202a88ae, 0x202a835e, 0x082a8bae,
    0x67e1f223, 0x1dbc9c1d, 0x131dad7f, 0xebf700af, 0xe2150df9, 0x1fecc5d7, 0x077831a2, 0x131e1d49, 0x2bf7809c, 0x21438338, 0x448880ac, 0x84805c21,
    0x8b802070, 0x34988346, 0xac1305f7, 0x72f9eaf7, 0x01fbf115, 0x0a2cc8c9, 0xf79c1305, 0x9c808492, 0xf71a28ab, 0x8b1d6715, 0x826d0a5d, 0x00ab2582,
    0x0a2679f7, 0xb1227582, 0x75a206fb, 0xa885f72b, 0x3b37f90a, 0xe39e131d, 0x29e89f41, 0x67de31f7, 0x8ef7c31d, 0xe9827fa5, 0x6168f828, 0xa59d131d,
    0x35831dfb, 0xd988ad20, 0xd8835d20, 0xd787ad20, 0x29064843, 0xbb0aac40, 0x92f706f7, 0x398281e3, 0x1db9cd24, 0x2f88d513, 0xae2fb533, 0x47d61307,
    0x4f5f5e4d, 0x068c1d2c, 0xbaf8cd13, 0x5e1f82b5, 0x1e270731, 0x4221cd13, 0x411e2b42, 0xea390594, 0xcd0cf7cd, 0xcec21d67, 0xa5ce09f7, 0xaf1305f7,
    0xf9eaf740, 0xaf131505, 0x05a059c0, 0x53544524, 0x15821f45, 0x52c34624, 0x15821ed0, 0x4c4ef72a, 0x409f131d, 0x99fb2cf7, 0xaf21a583, 0x21768840,
    0xa783405f, 0x4140af21, 0x043a0cf2, 0x67e37ae3, 0x0abb901d, 0x131dad72, 0xa6f740a5, 0x86155df9, 0xaa131f1d, 0x0f838880, 0x131d9528, 0x70f74096,
    0x4b8337fb, 0x4b89a620, 0x4b845620, 0x4b87a620, 0x7e58f834, 0x00fb01f7, 0x3fec33ee, 0xe789f776, 0x00f70af7, 0x7742ed29, 0xea3c0805, 0xf9c04a13,
    0x15c6f89f, 0x61714940, 0x49131f5a, 0x05c38cc0, 0x13062c2c, 0x62cbc08a, 0x1b35b649, 0x01fb25fb, 0x3cfb0bfb, 0x00f73cfb, 0x26f70cfb, 0xc9b4cde1,
    0x1a131fb3, 0x07ea30c0, 0x85083b82, 0xbc6007c4, 0x1bd872cd, 0x49f70a81, 0xf704fb96, 0x1b45fb1d, 0xc4de0429, 0x1f9c4056, 0xd506d4fb, 0xe1c1c59e,
    0xc02c131b, 0x04fc59fc, 0xd0f40a58, 0xd4ebead5, 0x42202241, 0x0e1f2b43, 0xf71d35a3, 0xf71d7664, 0x1306f7e0, 0x8c08f8bc, 0xfbcef71d, 0x7c130705,
    0x05f796fd, 0xbc1307e7, 0x0a931d5f, 0x277fe1f7, 0xf47f840a, 0xf7f400f8, 0xbb017766, 0x07f80a6a, 0xfd210a49, 0x930a27a4, 0xf97bf80a, 0x950a24a9,
    0x228211fd, 0x08055046, 0x67f4652c, 0xe33af71d, 0xe1f7bc13, 0x432815e8, 0xd1f5f6d6, 0xc8d2f1d7, 0x1fa04665, 0xf70609f7, 0x07fb7219, 0x1b16fbda,
    0x0efb38fb, 0x05820ffb, 0xfbec2629, 0x741ef706, 0x4e225d1f, 0x3e360808, 0x1f945b0a, 0x0af7cfae, 0xa3d6f295, 0xfb1913f7, 0x1d8f0609, 0xab83a90e,
    0x1dac7722, 0x892fa882, 0xfb1596f9, 0x1d5307ce, 0xf72f7c13, 0x8296f905, 0xfb7908a9, 0x2536fdae, 0x7f970e1d, 0xecf6f7ed, 0x3ef61ef7, 0x1277e377,
    0xf705f7bb, 0x130ab9e6, 0xf9faf8de, 0xde411546, 0x1305473c, 0xfb39c5e6, 0x14fb9e02, 0xf707201b, 0x5609f76a, 0x1fa357fb, 0xb03e62d4, 0x20fb1b39,
    0xfb2200fb, 0xf73ffb34, 0xf705fb0e, 0xf72df731, 0x7bf7f418, 0x1bf71f8d, 0xd05ced70, 0xfc65fb1e, 0x402c15b0, 0xf402f7d1, 0xe8ead0d1, 0xfb2147db,
    0x2b454302, 0x2998831f, 0xfb3ef7b1, 0xac4ef73e, 0x6d82d21d, 0xb4f9af29, 0xae1571f9, 0x4b9d6e8a, 0x1f2f05a2, 0x9c72b713, 0x1e87a57a, 0xcb05345d,
    0x4baf1306, 0x132605c2, 0xfbbffbb6, 0xc38215a9, 0xc3847620, 0x0705fb22, 0x3d201282, 0xea82c584, 0x00f7bb26, 0x34f700fb, 0x002cee82, 0x2bf9b613,
    0x5a1562f9, 0xbfae1306, 0x57252584, 0x13071dfb, 0x231e82ae, 0x072efb1d, 0x6e204082, 0xf8224082, 0x1383bcf6, 0x96fcdf36, 0x480e1d25, 0x91bb011d,
    0xf8e0f71d, 0x480a20c6, 0x7766f71d, 0xf8250e83, 0xd10a424e, 0x8410834c, 0xf97e250d, 0x910a24a9, 0xf7210f88, 0x0a6044da, 0x8400f721, 0xf7f12717,
    0xf7bb1215, 0xd94e7907, 0x26682406, 0x823c200a, 0xf7eb234f, 0x16820120, 0x27f7e523, 0x28358203, 0x0a611526, 0x911f0a62, 0x206a842b, 0x256a8665,
    0x1d3b37f9, 0x12844d51, 0x83de1121, 0xf7b13c2d, 0x57f8038e, 0x0bfb1d61, 0x0a2011fb, 0xcb9afb90, 0x49ee4ef7, 0xe788f776, 0x83ed14f7, 0xe3d22365,
    0xb183de13, 0x1d2b1531, 0x4f078c1f, 0x52626352, 0x0a3a0a39, 0x4dbe131f, 0x883c0588, 0xdbde1306, 0xabc2cda1, 0x09fb08e7, 0x54715506, 0x2f1b496f,
    0x82f0c344, 0x0653f81f, 0x081af942, 0x3bfb0e4f, 0x50f876a0, 0xef18f7f5, 0x4112f701, 0xf9f5f71d, 0xa5a2153e, 0x1fa58387, 0xe89f869b, 0x5b699a05,
    0xfb1b6194, 0xfb412b0a, 0x25831f2a, 0x50fcf121, 0x50f805f7, 0xfbf55ff7, 0xdf078e5f, 0x1edab8ae, 0x9afba30e, 0xf72ff7f0, 0xf7f4f700, 0x082c4600,
    0x1db9dc29, 0x0a4cec13, 0x82a9dc13, 0x62f12007, 0x252405cc, 0x24dc131e, 0x8c059a44, 0xea290832, 0x1d674ff7, 0x07f707f7, 0x1305f7f1, 0xf9e2f7ef,
    0xa7a91505, 0x79a5ac9f, 0x1f8f719c, 0x131e1d9e, 0x4034f7df, 0x13072d15, 0x205082ef, 0x205082df, 0x205089ef, 0x3f5085df, 0x0a50a074, 0x017764f7,
    0xf705f7d2, 0xf81d41a1, 0x15c6f804, 0x4b654f36, 0xcaf71f64, 0x96fd05fb, 0xb12c1682, 0xcabff507, 0x5eb1deeb, 0xd8fb1e36, 0xef3d0f82, 0x401af707,
    0x1e0ffbdc, 0xa029fc0e, 0x3abaf876, 0x54b2fd1d, 0x011d751d, 0xcd1d41cd, 0x29e58216, 0x0605fbba, 0xf71d750e, 0x12837786, 0x493df727, 0xfd3ffb0a,
    0x31228798, 0x42f9b2f7, 0xf10a2c15, 0xfbf101f7, 0x32fb0501, 0x198305fd, 0xf71af730, 0x73501215, 0x0a2a931d, 0x3dfbe813, 0x1484adfd, 0x41848520,
    0xdbf9d423, 0x2042834d, 0x21138437, 0x5584de31, 0x618b2208, 0xfd49fb1d, 0xfc1d5443, 0xf80aa229, 0x14f777ba, 0x7f1220f7, 0x27f770e3, 0x1d7f16fb,
    0x0ef7f413, 0x064342f9, 0x53f21329, 0xae1526fd, 0x45f81306, 0xf22109fa, 0x20a482f8, 0x2dc08207, 0xf97679fb, 0xfe1d3ab4, 0x05f715ac, 0xb883b4f9,
    0x7829fc22, 0xfb21ca85, 0x3613888e, 0xf70a6967, 0xd2017784, 0xe1f81d41, 0xf7b7fb16, 0x0e0a79b5, 0x831d5767, 0x77843a76, 0x05f7d212, 0x1307f7cf,
    0xf7bef77c, 0x0a7915b5, 0x130626f7, 0x4babfbbe, 0x2a9a8226, 0x6ace1d8e, 0xa716ce0a, 0x8429fc0a, 0x3cf7230a, 0x0561b3fa, 0x3dfb240b, 0x82156ffe,
    0xa02c241d, 0x43ecf876, 0x260805ed, 0x06f7ce12, 0x130ab9d2, 0xf903f8b8, 0x1f1db471, 0x9c72d813, 0x1e87a67a, 0xcc05345c, 0x54b81306, 0xfbd0130a,
    0x8371fdc0, 0x57292535, 0x7796f91d, 0x132c3083, 0xf949f778, 0x06fb1596, 0x06f796fd, 0x8c242582, 0x1db409fb, 0xfb643782, 0xfc0e2209, 0x0881852c,
    0x3af8996b, 0x05773b15, 0x06fb04f8, 0x370720fc, 0x00fb0576, 0x05a0df07, 0x06f79efb, 0xdb07baf7, 0xf70e059f, 0x0a90a0c4, 0x00f72beb, 0x87f70a76,
    0x88f705f7, 0xbc1305f7, 0xc6f856f9, 0x5f4d3415, 0xd51f6644, 0x37b45070, 0x66553c1b, 0x131f654c, 0x0a47e3dc, 0x1307b1f7, 0xd0b8efbc, 0x60acd7e4,
    0xddfb1e39, 0x8a0706f7, 0xef05b1f7, 0x321189b9, 0x07f5f705, 0xd94517f7, 0x0e1e08fb, 0x0a7ea070, 0x82b6d813, 0x85e620e2, 0x38d8223b, 0x2714820a,
    0x86f70aa1, 0xa1f71d76, 0xdc2b6d82, 0x0a423ef8, 0x804c09f7, 0x86bc131d, 0x84dc2023, 0x26388323, 0xa9f96ff8, 0x83bf0a24, 0x8bb8201c, 0x07a05040,
    0x1d94a326, 0xd707f7d9, 0x75204682, 0x6d206382, 0x752f2286, 0xb7130a38, 0x2606fd5b, 0x9afb701d, 0x8246f7f4, 0x82ec2049, 0x86dc201e, 0xec2c081e,
    0xeccabff5, 0x365eb0de, 0x0743fb1e, 0x3b074afb, 0x68445f66, 0x609a9764, 0x052f771e, 0x75cba979, 0xf71dbdc9, 0x1af707ef, 0x10fbdc41, 0xad82c283,
    0x7ae30430, 0x5f0a76e3, 0xad640abb, 0x80ca131d, 0xc34786f7, 0x00d52206, 0x280f8388, 0xcc131d95, 0xfb0df780, 0x21c5822b, 0x678680ac, 0x8280cc21,
    0x1d5c3fc7, 0xc6f8e1f7, 0x0a571d21, 0x017766f7, 0x0a6a0aad, 0x0a4910f8, 0x66fb07fb, 0x1d5c1d21, 0x204384f8, 0x4c26210b, 0xf1382783, 0x1d6715f7,
    0x820a5d80, 0x001306f7, 0x6ef7ec13, 0xf2130a2a, 0x7bfb04fb, 0x65204484, 0xf7244485, 0x4ddbf9b0, 0x05204683, 0xf7274683, 0xfb0a55ac, 0x8490fb2b,
    0xde112821, 0xb81d7901, 0x82ba8ef7, 0x615d366a, 0xfb10fb1d, 0x9b1d2111, 0xca2b1d60, 0x00f71bf8, 0xad12ca40, 0x3559840a, 0xf8a3f89c, 0xcab8157b,
    0x13063505, 0x05757b6c, 0x985c62a0, 0x13681b5a, 0xad353607, 0x1f58c340, 0xe0054c5e, 0x9bac1306, 0xb47505a2, 0x1bbe7eba, 0x062168f7, 0x131f4c08,
    0xd568e29c, 0x131ebe53, 0xfb01fcac, 0xd7f51568, 0xa4a5ead4, 0x1ea18185, 0xaffb5ffb, 0x7ba97205, 0xf71abbb5, 0x1547fb3f, 0x95917270, 0x5ff71f74,
    0xa605b0f7, 0x5b619b6c, 0x4240211a, 0x570e1e2b, 0x7ae3db0a, 0x851d67e3, 0x84870abb, 0xf8ea2f8d, 0x7caef94a, 0x96d5130a, 0x1e1d860a, 0x1e61ea13,
    0xd9132905, 0x7cfb43fb, 0x61f81d21, 0x2105fc48, 0xf84831f7, 0x32c48306, 0xf96c1307, 0x15c6f8a8, 0x455f3928, 0x5ad11f59, 0x852eb739, 0x0e2908be,
    0x131f39fb, 0xf739fbac, 0xf70ffb12, 0xb7dce933, 0x131ebcd0, 0xdebd466e, 0xf71bef60, 0xb71d8b08, 0x0609fb1f, 0x6f537155, 0x09ff454a, 0xf76c132f,
    0x04fb9549, 0x44fb1df7, 0x15298a1b, 0x08fc48df, 0xc59d2108, 0x131be1c1, 0xfc5afcb6, 0x402b1504, 0xd7f4f5d4, 0xd7eaead5, 0x40202241, 0x0e1f2b43,
    0x94a80a33, 0x24085445, 0xf80a6ae0, 0x0501490d, 0xf790fe2b, 0x07eaf705, 0x94a31d5f, 0x0def450a, 0x6063ca32, 0xfb1fb30a, 0x0705f7ea, 0xb4f9dc13,
    0xec131db5, 0x2009954a, 0x05954adc, 0xf71d962a, 0x5ac6f8fe, 0xa07afb0a, 0x3307e060, 0x767df777, 0xf7cc131d, 0xf70a42d9, 0x34154c6d, 0x6a3e5f4c,
    0xf72ee482, 0xf70a4701, 0xcc130790, 0x9c130a7b, 0x088207f7, 0x80838d31, 0x0e1b7d8c, 0x0af81d96, 0x0a24a9f9, 0x834c2cf7, 0x08304347, 0x741dab26,
    0x721307f7, 0x44875f83, 0x44876a20, 0x44827220, 0x44836620, 0x44857220, 0xb1132b08, 0x06fd28fb, 0x7f4a1d26, 0xef0af8ef, 0xc9f70a9f, 0x16f7157f,
    0x0af7c5f5, 0xfba535f6, 0x281fae29, 0xa00bfb0a, 0x25f745f3, 0x23850e1b, 0x7766f722, 0xe8252682, 0xfd280a49, 0x232a9ea4, 0x5df80a9f, 0x9b22a083,
    0x299911fd, 0x3205104a, 0xcd12ef6a, 0x0af706f7, 0x08f7b6e3, 0xb5f8be13, 0x851538f7, 0x1e5f0880, 0x249d0a28, 0x08f749db, 0x0a655d7b, 0x0df705cf,
    0xf7c5eb90, 0x7a0e1a04, 0xe0f70a75, 0x7ef700f7, 0x0a7600f7, 0x06f79ef7, 0x1306f73b, 0xf861f8ba, 0x7c131527, 0xc4b1a8c7, 0x0af71ad7, 0x2ffbee31,
    0x2c2b2cfb, 0xfc1e2ffb, 0xf805f7a8, 0xbbe607a6, 0xb4e5e2c0, 0x5d464b52, 0x461e455f, 0x82df00fb, 0xe4450834, 0x3f445cb9, 0x6c3c6157, 0x6d969365,
    0x0523741f, 0x83cab17c, 0x11f71bb3, 0x21f7d8f0, 0x36d85cea, 0xfb0e1fa4, 0xf7f47f14, 0x2af7f5f3, 0x12f70177, 0x64f81d41, 0x71150cf7, 0xe32cfb0a,
    0xca05f744, 0xa99da1cb, 0x2022851e, 0x20928214, 0x37268d07, 0xdf8f1d7c, 0xf73700f7, 0xf576f707, 0x0a7376fb, 0xfb2507fb, 0x0781f100, 0x0d203c8d,
    0xbd325f84, 0x77354ef7, 0xf712f712, 0x0ab9e905, 0x1ef8ec13, 0xcc55ecf8, 0x06294a06, 0x2907ff6a, 0x74fc1af7, 0x071d9915, 0x5082d813, 0x4b8e7d20,
    0x1d851429, 0xa176a1f7, 0x8359f876, 0x084e8589, 0x0013e357, 0xddf7af13, 0xd0ae153c, 0x9bb992bd, 0x77199aa3, 0x0a7105e7, 0x19fb9f13, 0x7be844cf,
    0x05235e1e, 0x5e131d2e, 0x9f130751, 0x88a6938a, 0xc6e11ba3, 0x131fcaa9, 0xa65fc1af, 0x0e1e945b, 0x4bf80a6b, 0x1d24baf8, 0x42307813, 0x1d550e1d,
    0x1da886f7, 0x5af70a42, 0x20128240, 0x2312837c, 0xc6f70a6b, 0x200b1c4a, 0x8719837f, 0xf71a352c, 0x5a0abf15, 0x7f5b0a5d, 0xf7b6131d, 0x130a2654,
    0x06fb9fb9, 0x79203a82, 0x85284d86, 0x37f91da8, 0x41d11d3b, 0xd7324e8a, 0x4515c2f9, 0x5afb28ad, 0xf70572be, 0x0af7161a, 0x0e8451f7, 0x2bf70523,
    0x27888a27, 0x0abfde31, 0x938ef792, 0xf8285a83, 0x131d6143, 0x1dfb93ba, 0x7a201f82, 0x6a345a83, 0xf7cb9afb, 0x4000f74e, 0x0abf0a7f, 0x81e34ff7,
    0xda1305f7, 0xba25c986, 0x1307ae30, 0x094448dc, 0xbaf8da23, 0x24d98207, 0x0cf7cdea, 0x295282cd, 0xce09f7ce, 0x131dad92, 0xd88200bb, 0x4e150521,
    0x462f0926, 0x1fd052c3, 0x1d4c4ef7, 0xf780bc13, 0x8299fb19, 0x807c216b, 0x26086c83, 0x0af78b47, 0x120a7f2a, 0x13a9f8a3, 0xf849f870, 0xb01315ba,
    0x44fc27fb, 0x44f826fb, 0x060cfb05, 0xbafc5af7, 0x821df705, 0xbaf82d07, 0x1d680e05, 0xc0f9a312, 0x67f97013, 0x5b2c2882, 0x130541fb, 0x680a23b0,
    0x7772f71d, 0x78281784, 0x0a42b5f8, 0x1540faf7, 0xb8201a84, 0x17841a83, 0x42f87022, 0x210a6641, 0x20861ff8, 0x06313b85, 0xf71215f7, 0x130a5d8d,
    0x26d0f77c, 0xfb48f70a, 0x203e8506, 0x205984bc, 0x26598871, 0x1d3b37f9, 0x88417af7, 0x0a4a335b, 0xa3010a74, 0xf803c1f8, 0x28baf860, 0xf70a741d,
    0x0f857786, 0x84823620, 0x83407221, 0x210f8412, 0x7c8ac2f7, 0x8498f721, 0x1af73018, 0xf70115f7, 0x030a5d0d, 0x0a2650f7, 0x8406fbb8, 0x87852040,
    0x306b8340, 0x1d2841e9, 0x4bf70ab5, 0x201d45f6, 0xe4f7f68b, 0x2ce582f6, 0x64f8b201, 0x4216f803, 0x9afc740a, 0x261d8245, 0xa9f947f8, 0x83330a24,
    0x2a23860c, 0x0120f700, 0x27f75af7, 0x49a3f703, 0x332f07fc, 0x1d45bbfc, 0x81910a2d, 0xf36bf71d, 0x68f739f7, 0x2c08056e, 0xf81d91c5, 0x153ff813,
    0x39f750fb, 0x00f705f8, 0xfb0605fc, 0xf750fd05, 0x3d1da0ba, 0x1f2efbd9, 0x15d3fb80, 0x6bf745fb, 0xe2064bf7, 0x078968ae, 0x0a2e3208, 0xdd0aa023,
    0xf80305f7, 0xfc1d6d96, 0xf81d5944, 0x06d3f7e4, 0x0a8e230e, 0x46f700fb, 0x62f71d71, 0xb8131d7f, 0x96f996f8, 0x0605fb15, 0xfb45d813, 0x232385d3,
    0x3cf70e07, 0x08053d52, 0xf7aa1229, 0xb741f805, 0xf742f90a, 0xe4f81500, 0x3e0747fc, 0x4a8070fc, 0x7a76697f, 0x8ffb2819, 0x23f705f7, 0xf8e81306,
    0x8223fba5, 0x068f310a, 0x15f589fc, 0x050ef8c8, 0x77f7f013, 0xd2fb78fc, 0x98271b82, 0x93ad94a3, 0x5c0e08bb, 0x0d5c1072, 0x4d472005, 0x56240654,
    0x0af70a29, 0x080b2e5c, 0x3f04f826, 0x4158f80a, 0x166ffa1d, 0xfbf7c0fb, 0xe9f7b2f7, 0x061ffb05, 0xd2fba1fb, 0xfbd2f705, 0x07d2fb05, 0xd2f7a1fb,
    0xf7321383, 0xfbe9fbb2, 0x05fbfbbf, 0xf70620f7, 0x05e1f7ad, 0x8d82e1fb, 0xf707e139, 0x05e1fbad, 0x1d60780e, 0xf7ef69f7, 0x1200f757, 0x07f758f8,
    0x8207f72f, 0x6d2e08b0, 0x131504f8, 0xaea4c6f0, 0xf71acbc2, 0xfbde2409, 0x2120fb28, 0x7726fb49, 0x0606f71e, 0xa5bd9ed9, 0xbbe61bdb, 0x5d4e4c60,
    0x361f326f, 0xc782f527, 0xadf24108, 0x5a465062, 0x4d30265f, 0x1f7addaa, 0xfb0606fb, 0x0bf79b29, 0x1b2bf743, 0xdcf333f7, 0x5fdd16f7, 0x1fa542c8,
    0xf81d7e0e, 0x6f1d6da6, 0x0a40e60a, 0xd812e2ec, 0xbc9b05f7, 0x1d7f9c1d, 0x06f8fe13, 0x260fd65f, 0x13153e34, 0x5b0a6ff2, 0x3f081021, 0xf47f02f7,
    0x8da6763d, 0xc8f8121d, 0x381305f7, 0x1d6d84f7, 0x0570fc3e, 0x7a259813, 0x1b576e74, 0x1db27980, 0x9d88a69c, 0xc9c7e91b, 0x1fa638f7, 0x050ef8c8,
    0x130679f7, 0x6fe4fc38, 0x5a1d461d, 0x0808fd59, 0x0aa0ee51, 0xf705f7dd, 0xf91d41fb, 0xfc1d6d2f, 0x05fb066c, 0xe4f81d59, 0xe4fcfbf7, 0x0e0605f7,
    0x0a670a44, 0x257f34f8, 0xca0a6d0a, 0xf8c90a3f, 0x3df903ff, 0x12fb1d6d, 0xfb4afb06, 0xf74cfbde, 0x13fb05de, 0xfc8cf706, 0xfb1bfb58, 0x12f7058c,
    0x83ca0e06, 0xf70139d4, 0x031dbc61, 0x4ffaa8f8, 0x06783115, 0xd7e21d5d, 0xf71eecc6, 0x157dfb29, 0xf7343a9b, 0x5af78ba3, 0xd1f7f620, 0x00fb00f7,
    0xd1124df7, 0x79f706f7, 0x28089c82, 0x1306f778, 0xf8ae1300, 0x1503f9dc, 0x9e130651, 0x0705fbd8, 0x503e6e13, 0xfb32fb07, 0x39fb2612, 0x10f739fb,
    0x1f34f726, 0x211b82c6, 0x1b82f730, 0xe65e4908, 0x34f707c5, 0xf7f010f7, 0xae131f39, 0x12fb39f7, 0x1e32fbf0, 0x7afb9e13, 0x2b153dfc, 0xf4f5c041,
    0x1febc0d5, 0x06d1fbc6, 0x51163ff7, 0x06c5d1f7, 0x2256d5eb, 0x2b564121, 0x1d4b0e1f, 0xf776a095, 0xf800f775, 0xbf017703, 0xbe248182, 0x64f81d41,
    0x4708f382, 0x6c7807e5, 0x1b4d8056, 0xf4af512d, 0xfb76f71f, 0x0783fb06, 0x44ee39fb, 0xc2d625f7, 0x1eb19d9a, 0x1d6f96fb, 0x1d8119f7, 0x1daee4f8,
    0x05f7def7, 0x1305f78b, 0xf712f9f0, 0x0a8f1500, 0x0a8fdefb, 0x0700fb07, 0xc0f8e813, 0x22060643, 0x8306f80e, 0x0177222b, 0x20e182dd, 0x2a038296,
    0xf91d4197, 0xfc1d6dcd, 0x8297fbe4, 0x84962030, 0xecf92930, 0xfaf807e1, 0x45f80e07, 0x28845786, 0xf8225b85, 0x5b853efa, 0x07242e89, 0xecf9f413,
    0x97275f87, 0x6bf71d81, 0x85a3f7f5, 0x91c03961, 0xb80af81d, 0xfd05fb1d, 0xa0b5f750, 0xfbdb3a1d, 0xfb841f2f, 0xec1d6ed5, 0x37252685, 0xf70100f7,
    0x3cee823a, 0xf80a6ac0, 0x581db85f, 0xfb5afb06, 0xfc1bf700, 0x06b6f7e4, 0xdde02df7, 0x1af719f7, 0x2135883b, 0x5d8d79f7, 0xe407f723, 0x38609141,
    0xa3f7d9f7, 0x8650fd15, 0xfc51fc0a, 0xf71d6ee4, 0xf71d6023, 0xf700f75e, 0x3e6c825a, 0x034cf9c2, 0x15eb33f8, 0xde2d12fb, 0x1f750bf7, 0x00f7bbf7,
    0xf706bafb, 0xdce9a209, 0x611b10f7, 0x632f1a0f, 0x2ffb2df7, 0x36f764f7, 0xf7ed15f7, 0x601fb725, 0xf72109fe, 0x20608220, 0x2060825f, 0x08608259,
    0x4af9b424, 0xf90ef803, 0x3afb155c, 0xfb2917fb, 0xf71f6325, 0xaee0060d, 0x1beebdde, 0x3ae510f7, 0x1fa108fb, 0xe282bafb, 0xfb06bb2e, 0x3730770b,
    0x291b12fb, 0x68e0bd37, 0xfb2e4e83, 0x18f7b425, 0x1b39f729, 0x29f763f7, 0x05822ff7, 0x82fb6321, 0x64fb2307, 0x8d5f0e1f, 0x16dd2507, 0x08fc0a5f,
    0x2315695f, 0x0a7547f8, 0xf72ece83, 0x7f00f75d, 0x67f91dae, 0xb61307f7, 0x8a8332f9, 0x28fb4f33, 0x47fb16fb, 0x07fb1f72, 0xf76e1306, 0x5905fbbd,
    0x202a821d, 0x34208208, 0xf7a446fb, 0xf715fb28, 0x61f71b4e, 0x30f732f7, 0x62f762f7, 0x280782fb, 0xfc1f61fb, 0x21fb04fc, 0x26d78220, 0xf71f8a26,
    0x82f68c26, 0x1b212209, 0x0e245cf7, 0x76a0a327, 0xf7f291f7, 0x35fa8280, 0xf706f7cb, 0xf71d41c0, 0xfb1d6dc2, 0xfb32362d, 0xc905fb1a, 0x7482f53d,
    0x4b5b5d20, 0x53f73f05, 0xf70591f7, 0x6c91fb09, 0xa9fb060a, 0x2e15ecfb, 0xd0d0bc60, 0x1fe8bcb6, 0x80fb38f7, 0xe7570e06, 0x08405426, 0x79018208,
    0x41e7f71d, 0xf801f81d, 0x3c3815ad, 0x1f633f64, 0xf79b6af7, 0x8ef7b208, 0xfb07f61b, 0x4854fbc5, 0xfb1f1bfc, 0x18f78c7b, 0x1b2ef722, 0x0ef731f7,
    0x3ff705f7, 0x01fb34f7, 0x1f20fbf4, 0x1557fc68, 0xf7d1422c, 0xcfdcf502, 0x46d2e9e8, 0x3f02fb22, 0x0e1f2c45, 0xf7e48b48, 0x1ef7dd2c, 0xf70a76e4,
    0x3406f773, 0xf41306f7, 0xbbf74df8, 0xb8f81315, 0xc3aca9a6, 0xb140f01a, 0xfb1e0bfb, 0xf7bafc94, 0x081b82ac, 0xd60ef745, 0x69cef3c1, 0x1f9f47bd,
    0xea64f813, 0x6f746415, 0x18fb1e47, 0x1af71ef7, 0x709fd006, 0xf4131f5f, 0x15c1fb4c, 0x2cf734fb, 0xce0633f7, 0x5d5e6ea3, 0x1f456b77, 0x9e55fb0e,
    0x44f8030a, 0xfc15baf8, 0x831db702, 0x20f7210d, 0x2e08cc82, 0x1504f944, 0xfb4105fb, 0xe61db791, 0xe6f7f58b, 0xf7a312f5, 0xb702f805, 0xf5fcf80a,
    0xfc50f815, 0xfb5a071d, 0x7b3d7ec5, 0x19787261, 0x468dfb2b, 0x663607e6, 0x6dfc0ab8, 0x99a79e16, 0xaccb95b5, 0x131860f7, 0xfb4cf7f0, 0x675406e6,
    0x062e540e, 0xd9467a20, 0x692d0806, 0x00fb0a26, 0xd6f70a3c, 0x41f81da3, 0x47fa1d41, 0xf7b6fb16, 0xf7a1f7b5, 0x26fb0599, 0xfb82fb06, 0x83f70583,
    0x83fb05fb, 0xf782fb07, 0x32138383, 0x99fba1f7, 0xb5fbb6fb, 0x0625f705, 0x92f798f7, 0x8292fb05, 0x07923581, 0x92fb98f7, 0x7f420e05, 0xe238f7e3,
    0x12e129f7, 0x06f72af8, 0x83080282, 0x54f8e813, 0x1315b7f7, 0xa8a0b6f0, 0xed1ac3ae, 0x20fbc832, 0x43432dfb, 0xf71e772b, 0x9aca0607, 0x1bc69ec1,
    0x5e67aae1, 0x3e6f7463, 0x0634391f, 0x06f1e813, 0x65659dda, 0x33686556, 0xd7a85a35, 0x06fb1f7b, 0xa006fb06, 0x40f73cd6, 0xe824f71b, 0x6dc9f5c9,
    0x1fa150be, 0xf78b840e, 0x7612fb27, 0x26f728f8, 0xf71d768b, 0x1305f7b1, 0xf850f85c, 0x9c1315ba, 0x6c131d9c, 0x28f8a4f7, 0x0542fb84, 0x1d427afb,
    0x772f2b8c, 0x0a76e1f2, 0x761dbc76, 0x5b131dad, 0x59d6f700, 0xf7220ef4, 0x4182380e, 0x42838020, 0x438c8020, 0x1da3622a, 0xf81d41cd, 0xb7fb16dc,
    0x3c072041, 0x82fb0625, 0xf70582fb, 0xfc05fb82, 0x0e0abcba, 0x3df47f94, 0xf876a676, 0xf812f550, 0x228f8274, 0x825ef738, 0xfb57228f, 0x061d47da,
    0x801b563c, 0x9d1db280, 0x1b9d889f, 0xf7c9c8e9, 0xaf1fa638, 0xf7057af7, 0x3813064a, 0xa68250fc, 0x76a0d526, 0x15f739f8, 0xf821ce82, 0x223e8201,
    0x82a0f8b8, 0xfb24083e, 0xfb76fb37, 0x0576f736, 0xbafc19fb, 0x7af705f7, 0x83d81306, 0x51f753f7, 0x8e05a1fb, 0xf751f706, 0x53fb83a1, 0x8b2ae685,
    0x77f776a0, 0x776cf7f6, 0x2882cd01, 0xad82b820, 0x40836b20, 0xb8fb6c2c, 0x0a476cf7, 0xb8f777f7, 0x668277fb, 0x24072f51, 0xf70a9e83, 0x202482b0,
    0x302482d4, 0x470621fc, 0xf750f80a, 0xf750fcb0, 0x330e0605, 0x0652580a, 0x8215fb21, 0xf5502493, 0x8260f701, 0x82842028, 0x47fb2728, 0x21b9fb06,
    0x278348f7, 0x47222f82, 0xba4a0e06, 0xe1f2290e, 0xbc1ff701, 0xc3f7031d, 0x2f0f5941, 0x1d283831, 0x0a8059f8, 0x017764f7, 0xe0f71d79, 0xe13ca382,
    0xb4f90a6a, 0x3515c6f8, 0x624b6149, 0xfbcef71f, 0x07cefb05, 0xb54863cb, 0x24fb1b35, 0x2c075059, 0xf70bfbf6, 0xb4cce127, 0xfb1fb4c9, 0x083482dd,
    0x4d07dd30, 0xe162ccb5, 0xf726f71b, 0xf70bf700, 0xfb3cf73c, 0xfb0bf701, 0x6efc1f25, 0x1d2566fc, 0x461656f8, 0x520a4a0a, 0x35f776a0, 0x77b4f7f0,
    0x3382be01, 0xbe828d20, 0xbe833120, 0x7907992e, 0x5f825b6c, 0xb16c2c1b, 0x35f71fe4, 0x37087082, 0x2afb0750, 0x0ef758ea, 0x9b96bcc5, 0x50fb1eb1,
    0xb00e1d42, 0x50f8f58b, 0xa2f71d76, 0xc6f80ab7, 0x50f815f5, 0x50fc05fb, 0x50f8a2fb, 0x13070a47, 0xb806f8e8, 0x72f70e0a, 0x69412383, 0x825c2005,
    0x415c2460, 0x8248f91d, 0x34278260, 0xfc0aae5c, 0xf707c3ba, 0xcdf70695, 0xf805f706, 0xf70e06ba, 0x845186ac, 0x05f7282a, 0x1305f77e, 0x88b9f9f8,
    0x2232845a, 0x820705f7, 0xf4132330, 0x5f82c0f7, 0xaa493808, 0x6a86f71d, 0xf8e6f70a, 0x33fb150e, 0x0a6640f7, 0x1d83a0f7, 0x15a2fb84, 0x3ef72cfb,
    0x819b1da7, 0xef3ef71d, 0xff01f6cc, 0x00809400, 0x00ff05f7, 0x6a0080f1, 0x8638f80a, 0x81fb2b2f, 0x0610f720, 0x054ffc8c, 0x37869ff7, 0x8a062b29,
    0xa7053ef7, 0x8224f71d, 0xf785275b, 0x1d41dc06, 0x2e83e5f7, 0x5e843220, 0x4d082682, 0x40f7aaf7, 0x42bafc15, 0xfc23fc1d, 0x2afb154e, 0x2cf73ef7,
    0x699fd006, 0x67755a58, 0x840e1f46, 0x23f7f17f, 0xf11ef7e4, 0xd5f7bb12, 0xc0f8d5fb, 0xe1f7e813, 0x4a3515e5, 0x1f7be2c3, 0x5ff7f013, 0x065efbe4,
    0xc2ca9cde, 0xc8d21be2, 0x4b5a4365, 0xf7383c16, 0xf70ffb0e, 0xf715f737, 0x1cf7d808, 0x09fb1fa5, 0x44e81306, 0x43634e76, 0x88860e1b, 0xa7f72561,
    0x0013d5f7, 0x2c085482, 0x15c6f8cb, 0x09fb18fb, 0x7319fb3c, 0x0609f71f, 0xb3ca9ed1, 0xcae21bd5, 0x1f9b3854, 0xf7325efb, 0x7c35065f, 0x1b34524b,
    0xd3b24a43, 0x394c8377, 0xf7a41dfb, 0x16f73f0b, 0xf739f71b, 0xf70ff70b, 0xfb38f738, 0xfb0ff70c, 0x61571f39, 0x1224570e, 0x758ef735, 0xf671f70a,
    0x00f712f7, 0xf81d767f, 0x1306f7c2, 0x83caf8b6, 0xfb202e81, 0x1efb2b08, 0x06201f73, 0x72f76e13, 0x2a258347, 0xfbb61307, 0x07f7a31d, 0x5321f72b,
    0xf72308b5, 0x8213fb39, 0x326508df, 0x0466fc1f, 0xf5d43f2c, 0xead4d7f5, 0x2241d6eb, 0x2b424021, 0xa0540e1f, 0xe85bf776, 0x01f130f7, 0xf706f7bf,
    0xf71d418d, 0x15baf890, 0x523405fb, 0xc42f13fb, 0x1f78d75b, 0x63fb35fb, 0x061ff705, 0x5bf723f7, 0xfb01f705, 0xf805f75b, 0x9ffb06ba, 0x481596fb,
    0xb9b8aa6f, 0x1fd1ada1, 0x30fb31f7, 0x83b10e06, 0x3144830a, 0xf70a6af7, 0x155cf9eb, 0x01fb4afb, 0x77fb1bfb, 0x358277fb, 0x4af71b2d, 0x00f74cf7,
    0x75f71df7, 0x82fb75f7, 0xfb260807, 0xfcfc1f4c, 0x4903fb04, 0xf744f7d9, 0xf7d9cd44, 0xcd04f703, 0xfb44fb3d, 0xfb3d4944, 0xfb0e1f04, 0xf70a3f9c,
    0x8f824152, 0xfb1d6d3a, 0xfb053571, 0x33f70703, 0xccfc05cc, 0x81671d6f, 0xf784f81d, 0x4df80100, 0x76296982, 0x8d1500f7, 0xea02f78c, 0x08a08205,
    0xcad51150, 0x0af71af5, 0x29fbeb2e, 0x302225fb, 0x1e7b26fb, 0xdb0606f7, 0xe0bcba9a, 0x59bae11b, 0x68634d4e, 0x1dfb31fb, 0xfb5ffb1f, 0xf83a0546,
    0x0700f7a7, 0xf67f670e, 0xf7ef6af7, 0xf812f658, 0x2f06f748, 0xe81306f7, 0x04f85ff8, 0xc5f01315, 0xee4caca4, 0xfb202607, 0xfb482117, 0x07ee4c25,
    0x1bd2a62e, 0x4c5fbbdf, 0x366f5d4e, 0xea27401f, 0xed2a3282, 0x465062ae, 0x3a2e5e59, 0xee4cab4d, 0x0a530809, 0x1b21f743, 0xdaf32cf7, 0x61dd18f7,
    0x1fa544c8, 0x76a07e0e, 0x80a000ff, 0x6a00ff00, 0xdcf70080, 0x1cf801f4, 0xf2f81d41, 0x26159ff7, 0x3cfb45f8, 0xfcc6fb06, 0x07200545, 0x058cfdf7,
    0x05f735fb, 0x07f035f7, 0x15f558fc, 0xdcf779f7, 0xdcfb9405, 0x82690e06, 0xe9a923ad, 0xfe8312f7, 0x91603108, 0xf8e7f71d, 0x5f4f1566, 0x1f68707a,
    0x053ef7af, 0x00f7c6f7, 0x35061bfc, 0xf70526fc, 0xa5b50600, 0x1bd1abb9, 0x3856c8df, 0x334e503b, 0xdbb34a3e, 0x0805ba46, 0xf79b2c4b, 0x1af7400f,
    0xf728f71b, 0x29f7ed05, 0x00fb25f7, 0x1f14fbe1, 0x1d60690e, 0xf7e2b7f7, 0xb4017776, 0xc5f706f7, 0xe8f70a6a, 0x5f156ef8, 0x6b7a806a, 0xf756f71f,
    0x19fb0592, 0xfb37fb06, 0xfb20336d, 0x33fb1a18, 0xf72a0df7, 0x083e8225, 0xf7f00a41, 0xfb2bf72e, 0x0cfbdb06, 0x0efc6a1e, 0xc3483615, 0xc2cbe5e5,
    0x56cee0e4, 0x52493130, 0x280e1f34, 0xf8aa0aa0, 0x6daa037c, 0xf700fb1d, 0xbdfb07f5, 0xf705e4fc, 0xc4f70614, 0xde05fdf8, 0x82630e07, 0xed6d29d3,
    0x12f657f7, 0x3005f7b4, 0x9520f582, 0x2f080684, 0x57f8f213, 0x131503f8, 0xaea5c7ec, 0xf71acec3, 0xfbda2209, 0x221dfb1c, 0x4809fb3c, 0x71c753ae,
    0x3ff2131e, 0x3b496270, 0xf714fb1a, 0x2af73d06, 0x36088a82, 0x14f7d906, 0x3fcd62db, 0xec131ea6, 0x82f726fb, 0x63badc15, 0x6468564c, 0xb2682d2e,
    0xb3bacac0, 0xf2131fdd, 0x2f0492fc, 0xd4d2b150, 0xecedaec0, 0x444169c0, 0x82306550, 0x76a028fa, 0xf7e276f7, 0x8800f7b7, 0xc83308fb, 0xfb155cf9,
    0x260afb29, 0x2bfb2efb, 0xf73b06f7, 0x96acb70c, 0xfb1fab9c, 0x0592fb56, 0xf70619f7, 0xe36df737, 0x1a18f7f6, 0x0dfb33f7, 0x1e25fbec, 0x8223fc8a,
    0xc04c08fb, 0xc4cde5e6, 0x53cee0e2, 0x544b3131, 0xfb0e1f32, 0x89fdf75f, 0x32fdf71d, 0x5104e31d, 0x84deb26b, 0x646b381d, 0x720e1f51, 0xf879fb1d,
    0xf71d9f08, 0x1557f83a, 0xfb1d34d1, 0x77fdf77a, 0x15dcf80a, 0x9aa9f013, 0xb91d2d9e, 0x9c67ad72, 0x86083e82, 0xda57f862, 0x01d23df7, 0x03ed84f7,
    0xa6f82df8, 0x3df70a56, 0x073dfb05, 0xf781fb0e, 0xcff4d3fd, 0xf90a7a6a, 0x6e651510, 0x1f737880, 0xf705e39d, 0x360a2f58, 0xf9adfb0a, 0xf91da147,
    0xfb1d4e96, 0x70fdf77b, 0xf8ccf71d, 0xec1315da, 0xa8a59aad, 0x52cb1ab5, 0x522121bd, 0xa5614b59, 0x480a926e, 0x0cf756c2, 0xc0c30bf7, 0xae6bbdce,
    0x131e9b63, 0x13f724ec, 0x76a4b215, 0x77746d6c, 0x9f746262, 0x1d93aaa9, 0x7cabaca2, 0x6b2405de, 0x5974716a, 0x42089482, 0x8a91f88b, 0x9ca2f90a,
    0x8f9fa00a, 0xfc1d3891, 0xfb0a3f40, 0x0391f824, 0xf71624fb, 0x24f80601, 0xfb0550f9, 0xf70e0601, 0xf7da8bcd, 0xb7f7d396, 0x2cf70177, 0xeee0f7ec,
    0x03ee19f7, 0x24fc0a52, 0x870550fd, 0xfda13427, 0x59d11501, 0x8ba0f70a, 0xda3c32f7, 0xf7d33cf7, 0x821277c2, 0x65f8242d, 0x8ebc13ed, 0x59f7382b,
    0x4415b2fc, 0x0dfb84f7, 0x747c1306, 0xbc13071d, 0x1307ed3c, 0x82d2da7c, 0x0aa62309, 0x428502f8, 0x66d31928, 0xf0cbd7d3, 0x47827fd4, 0x34eea63c,
    0xed3ff8ee, 0xf8c0ac13, 0x1535f815, 0x67ad72b8, 0xad131e9d, 0x131d6b40, 0x4b7fc0ac, 0x131f251d, 0x1d97c09a, 0x6c21728b, 0x217383c0, 0x7483c0ac,
    0x83c06c21, 0xc09c2875, 0xcaf70aa6, 0x83f21da2, 0x3bb583e3, 0x1d62dbf7, 0x5200bc13, 0x407c130a, 0x3bf70a45, 0x13157ffc, 0x1d5080bd, 0x5c40be13,
    0xb1211383, 0x200e821d, 0x2a0e833f, 0x2cf81d3e, 0xd3c41da2, 0x8accd371, 0xb4f721ab, 0xb6213f82, 0x21ac8b64, 0xac82a4b6, 0x9f64b621, 0x647521ac,
    0x3a20ac82, 0xae266f83, 0x131d5058, 0x6f8264b6, 0x82647521, 0x58ae216f, 0xb6216f82, 0x206f8264, 0x2b6f8525, 0xca69d0c6, 0xf712d7c5, 0xb5f7ecad,
    0x50086d82, 0x0ef8c8b3, 0xdc1545f8, 0x6535bf4e, 0x7379806e, 0x05e29e1e, 0xfbd757f7, 0xb5130693, 0x7cfb5ac8, 0x1306e705, 0x9ba0c8b3, 0x1ba899a2,
    0x646ca3ba, 0x5e6e7162, 0xb1a16d65, 0x06281f82, 0x4ec69744, 0xf71b00f7, 0xd6cec004, 0xf7b6f71f, 0x7313159f, 0x21f787c8, 0x8782b0ab, 0x82c8b321,
    0xc8732187, 0xab218782, 0x2f8782b0, 0x1d3ec8b3, 0x1da2baf7, 0x68f7d3f2, 0xc3f812da, 0xbc267f82, 0xf73df780, 0xc67d15c2, 0xc0fb3205, 0x075ef73c,
    0xd3fb33fb, 0xf877f805, 0x7c131522, 0x214e8780, 0x4e8200bb, 0x8280bc21, 0x807c214e, 0xbb214e82, 0x2a4e8200, 0x1d3e80bc, 0xe47f5ffb, 0x7be388f7,
    0x7f21084a, 0x09ed7b15, 0x420aba23, 0x06027cfb, 0x04e41f39, 0xdfb16b51, 0xc5b2abde, 0x0e1f0a99, 0x76a002fc, 0xec2cf701, 0x825af703, 0xfb790866,
    0x33055638, 0xb30af707, 0xecbdfb05, 0x0e0722f8, 0xda8b79fb, 0x01d396f7, 0x19f7eeb2, 0x3bf703ee, 0x59d015da, 0x7f7afb0a, 0xca03f7d4, 0xf712d3f1,
    0xee34eea6, 0xd8f7e813, 0x131568f7, 0x9f9aa8f0, 0xc91aafa2, 0x2621c855, 0x843a544b, 0xb606ee1e, 0xb1a0a691, 0x75a2b31b, 0x78736d6c, 0x4c581f6d,
    0xcbe81306, 0x789fac06, 0x73726a68, 0x9e6d615c, 0x281f82b8, 0xcd943a06, 0xb9411853, 0x72b92807, 0x1f9d67ad, 0x4262fb0e, 0x3c2005c3, 0x84276382,
    0xf8b013ed, 0x4232f72d, 0x702c07f1, 0x13071d74, 0x07ed3cb0, 0xd2da7013, 0xa62c0982, 0x7f81fb0a, 0x6ad0f3d4, 0x9cf70a7a, 0x21060144, 0xbb41e39e,
    0x5ad82907, 0xe7057dfb, 0xa1b81306, 0x210eb941, 0x7b83b1a0, 0xc6974523, 0x06b9414d, 0x4edbd724, 0x7a8235c0, 0x7f8b4808, 0xcc17f7d8, 0xf7ecad01,
    0xf703ed20, 0x1599f779, 0x84887676, 0x17f71f77, 0x230527f7, 0x0dfb2106, 0x1a404c55, 0xf73fc240, 0xc302f706, 0x58ced2d1, 0x6f1e32cc, 0x5e1558fb,
    0xb2b0a872, 0xb9b6a5a6, 0x65666fa3, 0x825e6f72, 0xa0ad334b, 0xa1d3f776, 0x4e22f81d, 0x7f7bfb1d, 0xca02f7d4, 0xdf7dd3f2, 0xcbf72c05, 0x131565f7,
    0xa59aaeec, 0x7f1ab5a8, 0x2b0807a5, 0x926ea561, 0x55c2490a, 0x0bf70cf7, 0xbdcdc1c3, 0x9b62ae6b, 0x3fec131e, 0x3ef2131d, 0x8b8bfb1d, 0x48fb5df7,
    0xcc1cf776, 0x12d718f7, 0x3f089f84, 0x5cf77c13, 0xfb152df8, 0x44455403, 0xe54abd48, 0x918fa09f, 0x16fb1f9f, 0xf20526fb, 0x0df7f506, 0x1ad6c9c2,
    0xfbd654d7, 0x9c131e06, 0x1564fb8c, 0xb0a7735d, 0xb8a8a4b1, 0x656ea3b9, 0x5f717164, 0x5f25a282, 0x1d89b7f7, 0x0e95457d, 0x8702fc23, 0x0616421d,
    0x9550f939, 0xf779fb0a, 0xf71d9fc2, 0x1511f83b, 0xfb1d34d0, 0x77b7f77a, 0x4196f80a, 0x2d2205f2, 0xb341b81d, 0x11f82507, 0xd33cf7da, 0x0807a245,
    0x0a56602a, 0xfb053cf7, 0xfb0e073c, 0xd3b7f781, 0x7a69d0f4, 0x15caf80a, 0x79806e65, 0xe29e1f73, 0x2f57f705, 0xf78bfb0a, 0x18f7d7b7, 0x2624d782,
    0x773af777, 0xbc2fd486, 0xc8f879f7, 0x87767615, 0xf71f7785, 0x4126f717, 0x4d250675, 0xc23f1a40, 0x05754140, 0x41cfd121, 0x59280575, 0xa8725e15,
    0xcc131fb1, 0x3e067841, 0xbc131e65, 0x5e6f7265, 0xadfb0e1e, 0x1da101f9, 0x1d4e50f9, 0xb7f77bfb, 0xcbf71d70, 0x823494f8, 0x4bf82d70, 0x5cf90a8a,
    0xa09f0a9c, 0x1d38928e, 0x22209646, 0x8657f83b, 0x079646f3, 0x9f9aa822, 0x5720f38b, 0xa620f38b, 0xfd20f38b, 0x9646f385, 0x46f38905, 0xcb221296,
    0x9a84daf8, 0x85064d46, 0x367f089a, 0xf7011d87, 0xf803de84, 0x15b1f877, 0x11fbd968, 0x19f70557, 0x0719fb38, 0x6abf11fb, 0x5317f73d, 0xcd04fb30,
    0x07f7e855, 0xce07fbe9, 0x04f72fc1, 0x3cfb0e05, 0xf7dd1d8e, 0x58f703d1, 0xfb1596f9, 0x5ff70606, 0xe7fb1db0, 0x13f80ab2, 0x6d6c6115, 0x6daa6362,
    0xa9abb5b5, 0xa96bb4b3, 0xfb0e1f61, 0xf71bf747, 0xf7dd01c2, 0x7ff703c7, 0x351549f8, 0x36364948, 0xe1e149ce, 0xe0e0cdcf, 0x8235cd47, 0x7fe72321,
    0x3d8221f7, 0x48159439, 0x0413fc0a, 0xfb0e0a48, 0x017698ce, 0x0327f7f5, 0x4bc191f7, 0x8234f70a, 0x2240821f, 0x83f7f127, 0xf7032402, 0x8215f72f,
    0x8df7242a, 0x820a4816, 0x6b622704, 0xab62626e, 0x7282b46d, 0x6bb4b423, 0x827283a8, 0x22250850, 0x1277cef8, 0xfb27f7dd, 0x1306f717, 0x6d68f7d0,
    0xfb06fb1d, 0xfb930690, 0x06ee0578, 0x0578f792, 0xfb52e013, 0x20af84d2, 0x82af8562, 0x24af843c, 0xf7e1f7e7, 0x223a8821, 0x82c01300, 0x15e1216f,
    0xe087d087, 0xa0131f2a, 0x15cffcc4, 0x840790f7, 0x28224c82, 0x58828306, 0x90fb2308, 0xaef70e07, 0x6cf776a0, 0xe73cf7e7, 0x01775ef7, 0x0394f9dd,
    0x70f8cdf9, 0x05e7a415, 0x0ab32afb, 0x03823afb, 0x7206292a, 0x2af7052f, 0x3cfb5f06, 0x06211482, 0x230c8373, 0x3bf71db3, 0x2a220382, 0x2883a306,
    0xf7b80622, 0x29251a82, 0xfb153cfb, 0x240b843b, 0x0e063af7, 0x21d582fb, 0xd2820121, 0x31070041, 0xf77f410e, 0xf472f821, 0xf760f712, 0xf718fb2b,
    0xea82e103, 0xf7d86108, 0x1570f773, 0x06aa03f7, 0xb49ca2b2, 0xb3d71ea1, 0x1aedb2c7, 0xd82515f7, 0x1dfb1ffb, 0x2efb3f21, 0x06f71e82, 0xc294eb06,
    0xe31bd1a8, 0x594f5fb6, 0x6d51786e, 0x6665421f, 0x131a4375, 0xb0fbc3e8, 0xa8acb615, 0xa76ab5b5, 0x6f6b6060, 0x6eab6161, 0x410e1fb6, 0xf8f49afb,
    0x1221f772, 0xcd05f7b4, 0x162e6b82, 0x001302f7, 0xbbf7f013, 0x601562f8, 0x25826e6b, 0xb6b66f24, 0x3582a7ac, 0x60a87108, 0xc3a8131f, 0xfb157cfb,
    0x64066c02, 0x75627a74, 0x50633e1e, 0xfb1a2964, 0xf73ef015, 0xf41ef71f, 0x952ef7d7, 0x0606fb1e, 0x6e53822b, 0x60321b46, 0xa9bdc7b7, 0x1fa9c59e,
    0xa1afb1d4, 0xfb0e1ad3, 0xf70df84a, 0xd91d71d7, 0xe0131d7f, 0xa50df8ea, 0xfb60f70a, 0x0e0aa560, 0x0bfb0a72, 0x60fb9806, 0x9906e105, 0x0e0560f7,
    0x7698cefb, 0x21f70ff8, 0x2c052742, 0x1507f848, 0xb4a9aab5, 0x61a86cb4, 0x05104261, 0xd41fb530, 0x0a4bd1fb, 0x1d8ebcfb, 0x03d1f79d, 0xac42e3f7,
    0xfb450805, 0x711db05f, 0x01f612fb, 0x0360f8dd, 0x1578b2f8, 0xf82060fc, 0xa90e0660, 0x4161f70a, 0xf8d2f71d, 0x07b3153a, 0xb8a834f7, 0xf71e92e0,
    0x15fb0700, 0x58fb3529, 0x31075d1f, 0x1e315b82, 0xa304fb73, 0x5b94e506, 0x25108231, 0x35ed58fb, 0x238315f7, 0x6e923634, 0x1a34f7b8, 0x69f507b3,
    0x1e9b3cb3, 0xb3ad9bda, 0x50831af5, 0x41572c08, 0xf72bf81d, 0x823115d0, 0xb91fe5bb, 0x2958f707, 0x1e14fbe1, 0xe00700fb, 0xfb5ea784, 0x07631a34,
    0xd963ae21, 0x7b3d1e7b, 0x82216368, 0x34fb250d, 0x84365e6f, 0xf7252083, 0xf7e1ed14, 0x31338258, 0xe5bb94e5, 0x04f7a41e, 0x0ab40e06, 0x0305f7dd,
    0xc683ddf7, 0x90fe8b2c, 0x00f78bf7, 0xb8f91afb, 0x1a831af7, 0x6a6bf723, 0x0819840a, 0x19f7002f, 0x19fbb8fd, 0x8bf700fb, 0x0e0790fa, 0x85fb80fb,
    0x84a8fa76, 0xf9dff70a, 0xbe35156f, 0xfb06fb05, 0x3dfb5a43, 0xfb1a46fb, 0x3dfbbc46, 0x350e82f7, 0x05bee11e, 0x634df72b, 0x37f70ff7, 0xb337f71a,
    0xf7eb0ff7, 0x3a871e4d, 0xf7017726, 0xdd1d416e, 0x24083d82, 0xb34dfbeb, 0x37fb0ffb, 0x6337fb1a, 0xfb2b0ffb, 0x58e11e4d, 0xf706f705, 0x3df7bc43,
    0xf71a46f7, 0x3df75a46, 0x360e82fb, 0xbbed0e1e, 0xdbf8dd1d, 0xf72df903, 0xdbfc15f5, 0xdbf800fb, 0x83880e06, 0x03762313, 0x1383c8f8, 0x13827620,
    0x0e067624, 0x148230fb, 0x03def724, 0x148230f8, 0x82defb21, 0x06de39b4, 0xf8cac80e, 0xf8dd0144, 0xbef703b7, 0xfb0a89ca, 0x056cfb6c, 0x6cfb6af8,
    0x6d200a82, 0x1e880a82, 0xd2828720, 0xf7153d24, 0x2082f76c, 0x3d6cf728, 0xfb1ff73d, 0x0382fb1e, 0xfb0e0523, 0x21418454, 0x418ab9f7, 0x23081489,
    0x230e0a87, 0x0abd7698, 0x781515f7, 0x82a7740a, 0xa71d651f, 0xc7089f8a, 0x1e6c9a60, 0x1540b0f7, 0x6d9a5fc7, 0xab211882, 0x0815830a, 0xf8230e2d,
    0x8b38f7ac, 0xf7dd1277, 0x27f7c927, 0x46f77013, 0x0aaf1d6d, 0xb4b0131e, 0xacb6a8ab, 0x946fa278, 0x38f7d21f, 0xfb1ef705, 0x82d31538, 0x063f3008,
    0x8846fb2e, 0x4f1a776f, 0xa97cb68c, 0x82aab51b, 0xa2792d25, 0x0e1f946e, 0x775cf923, 0x5cf90abd, 0x73207582, 0xa8227584, 0x75829e8a, 0x75839b20,
    0x75823f20, 0x75829b20, 0x0aab7322, 0x0e241583, 0x1d87cefb, 0x2305e943, 0x15acf84a, 0x40236083, 0x880aaf06, 0x821e2072, 0x424d8220, 0x912905f9,
    0xc71510f9, 0x786c9b60, 0x2256820a, 0x861d651e, 0x0b404540, 0xf1fb2108, 0x0e87fc0e, 0xf72afb84, 0xf8763c87, 0xfb87f764, 0x37f77723, 0xf71d6777,
    0x1304f707, 0xf7a61300, 0x0813046c, 0x765e13f3, 0xd63405f7, 0xf7089e20, 0xfb04fb23, 0x1bfb0723, 0x05fb2d72, 0xfb1a24fb, 0x05fbe924, 0x1e721bf7,
    0x23fb9e13, 0x130704f7, 0x0723f75e, 0xd4e29ef5, 0x0808f7a1, 0x130609fb, 0x0e1d8fa6, 0xef04f7e4, 0x69efa6f7, 0xa377a077, 0x1af71277, 0xf19ff7f1,
    0xf1f88e13, 0xb915f1f7, 0xaf76b57f, 0x05dfdf1e, 0xdb3b9613, 0x13053738, 0x6167a0c6, 0x131b5d97, 0x7f615ea6, 0x131f6775, 0x3be0378e, 0x0537e03b,
    0x617f6776, 0x965e1a5d, 0x1e67a061, 0x3bdb3737, 0x7505e0de, 0xb97eb5af, 0x98b6b91b, 0xde1fafa0, 0x38dbda37, 0xae9f05e0, 0x1ab8b597, 0x1dfb80fb,
    0xc24f4215, 0xc6131fdd, 0xd4c2c7dd, 0x3a53c6d6, 0x398e131e, 0x1e405450, 0x10fb860e, 0xf3236ef7, 0x76a47638, 0x6ef7f8f8, 0xa17709fb, 0xf7c71277,
    0x04f7ea05, 0x05f702fb, 0x1306f7f5, 0x29130000, 0x075973a0, 0xa408fb29, 0x1abd9b63, 0x18b3beca, 0x0809d24c, 0x60151328, 0xdc4beb7a, 0x089f16fb,
    0xf7601913, 0x0705fb09, 0xfb604313, 0x07fb0707, 0xfb452c7c, 0x17fb1a10, 0x1cf765f5, 0x4c181e6d, 0x133814e4, 0x229ba013, 0x24f72dce, 0x83130873,
    0xf70afba0, 0x23130704, 0x0706f7a0, 0x4a087582, 0xf79605f7, 0x1df7ca02, 0x87f70e1a, 0x1cf71d60, 0xf7e1c9e1, 0x0100f71e, 0x1d4130f7, 0x15eb97f8,
    0xdec03b26, 0x9ef71f64, 0x06b6fbe1, 0x968b9589, 0x8b951a96, 0x1e958c95, 0xfbe1b7f7, 0xb2df06a0, 0x1bf0c1dd, 0x3956d9ee, 0x7bf71fb1, 0x3a300bc5,
    0xfb2718fb, 0xfb1f5d26, 0x01f73511, 0x8b818a06, 0x80340183, 0x0c81808b, 0x3501fb25, 0xfb0612f7, 0x17f7b925, 0x1b3af728, 0x080cd05a, 0x563d6565,
    0xe10e1b28, 0x4af71d81, 0xf76af7ef, 0x3cf71200, 0x7bf705f7, 0xf74806f7, 0xf8f41306, 0x1556f7c3, 0x45797647, 0x066ffb1e, 0xa1939aa3, 0xf7f51ab2,
    0x53fbef53, 0xacd207e9, 0x131ee1bc, 0x5cabdbf8, 0x06f71f46, 0x321bf706, 0xfb23fbe4, 0xfb2c3d28, 0x21281e14, 0x04fbf527, 0x737f5d07, 0xfb641e54,
    0x8239f800, 0xf720084a, 0xf7becc11, 0xea0e1f23, 0x4d38f78b, 0xf8c9c7c9, 0xf7127732, 0x1305f7d0, 0x6d3ef9b8, 0x0614fb1d, 0x2f0b6e72, 0x32fc78f7,
    0x4d29fb05, 0xfb4f43f7, 0x78130643, 0x072b0882, 0xf725b813, 0x78130705, 0x8242f7f1, 0xfbc9310b, 0x42f7c742, 0x0729fbc9, 0x1bf7690e, 0xa4dd90dd,
    0x29080382, 0xf7dcdd12, 0x0013dcb5, 0x37f86c13, 0x9115ddf7, 0x6a60a50a, 0x131d929f, 0xacb6716c, 0x131bb577, 0x0456fb9c, 0x60a40a91, 0x1482a06a,
    0x14859c20, 0xf7810e2c, 0xf07df07e, 0xf7e9dd12, 0x3a82e9b4, 0xf8b06f08, 0x157ef746, 0xf7b8bed4, 0x062d1f17, 0x69727b59, 0xa39b7972, 0x70131e5f,
    0xa06c5fa5, 0x58431b5c, 0x1f17fb5e, 0x9bbd06e9, 0x9da5aca4, 0x1eb7737b, 0xb671b013, 0x1bb976ab, 0xf7b69a0e, 0x00f7cc1d, 0x011ef7cc, 0x28f796f7,
    0xf8e0f703, 0x6b6115c0, 0xab62626f, 0xabb5b56f, 0x6bb4b4a7, 0xf71f61a7, 0x155ffb8f, 0x00fb89fc, 0xfb0689f8, 0x20844a8f, 0x20856320, 0x2084b320,
    0x3cf70e3d, 0xf7010a80, 0xf707f70f, 0xf90a6ae9, 0x15b9f873, 0x2828c057, 0x4e5bb005, 0x681b48a1, 0x4831074e, 0x5cae4ea1, 0xbf28291f, 0x05eeee56,
    0x75c8bb66, 0x089554cd, 0x76ce4408, 0x1fba67c8, 0x43fb22fc, 0xd4d6f515, 0x80acb0ea, 0xfb1ea679, 0x0588fb88, 0xab83a57c, 0xe9f71aaf, 0x42402116,
    0x956a672b, 0xf71e6f9e, 0x0588f788, 0x6b94719a, 0x9a0e1a67, 0xf2f228f7, 0xf81da4f3, 0x825ef8db, 0x822320a2, 0x042424a1, 0x822489fc, 0x0e220807,
    0x40f8de9a, 0xf8dd1da4, 0x0bfb1593, 0x2cdff707, 0x052bdffb, 0xf8070afb, 0x0544f789, 0x9a0e07d7, 0x1d83e1c7, 0x2f15982b, 0x48c6f707, 0x0548c6fb,
    0x201b832e, 0x081b820e, 0x048dfbc3, 0x82f70ab0, 0x48f7e5ea, 0xe9dd01e5, 0x03e9acf8, 0x5bf805f9, 0x60523e15, 0xc61f5c50, 0x3eb6525b, 0x403e241b,
    0x40d72222, 0xb6c5d8f3, 0x501fbac6, 0xd860c4ba, 0xd6d8f31b, 0xd73ff3f4, 0xfffb1f22, 0x5615a2fb, 0xc0c0b06a, 0xc7beb0ad, 0xae5864ac, 0x686a581f,
    0xf71b5064, 0x6a5116ff, 0x1f68bfb1, 0xb1adbead, 0xc0088cc5, 0x565666ad, 0x1f576668, 0xfb03f70e, 0xe0f9ef9a, 0xd9dd01ef, 0x03da4cf8, 0xa2f9a5f8,
    0x464b2415, 0x1f8119fb, 0x051dfd52, 0x68788551, 0x78601b5b, 0x3d1faea5, 0x50bf2506, 0xd0cbf2ec, 0x1e9519f7, 0x051df9c4, 0xae9e91c5, 0x9eb51bbc,
    0xda1f6871, 0xc656f106, 0x9a0e1e2a, 0x2afb83dd, 0x92f8dbf8, 0xfb89fc15, 0x82400544, 0x45fb2cda, 0x070bf705, 0xf7ebe0fb, 0x8505ebe0, 0x202082fe,
    0x22208398, 0x833f050d, 0x050e3a20, 0xc6fb07e8, 0xcec6f7ce, 0x04aafb05, 0xbb9a0ab0, 0x416af81d, 0xf7dbf81d, 0x05ff41f5, 0x17fb182c, 0x0e0605f7,
    0xf789f79a, 0x178aa400, 0x0e06893b, 0x86f8bc97, 0x86f8dd01, 0xf88bf803, 0x41fb15b7, 0x40fb40fb, 0x3e3f40f7, 0x820782f7, 0xd7412d0b, 0xf740f73f,
    0xfb41f741, 0xfbd7d841, 0x0b820782, 0x85824020, 0xf776a026, 0xf3eaf22c, 0x68314c82, 0xfb15f2f8, 0xfb620606, 0x7bfb052c, 0x0660f723, 0x2d088272,
    0x2cf72447, 0x2cfb6306, 0x0606f705, 0x0682f7b3, 0xfbf27f2f, 0xeaa40663, 0xf34af705, 0x0e062ffb, 0x05a454b4, 0xef1e9208, 0x5100ff01, 0x00ff0a17,
    0xff7b9473, 0xa4f02f01, 0x3a6b00ff, 0x2df803e1, 0x3f155cf9, 0x46697a3f, 0x05329f1f, 0x97c5cba7, 0xbde21bbb, 0x7936fb59, 0x05878a1f, 0xa14a6bc3,
    0x0bfb1b4e, 0xfb4502fb, 0xfb1f732b, 0xfbe2732e, 0x1b28f703, 0xf1f631f7, 0x1fa844f7, 0x61bcc5f7, 0x4ffb21f7, 0x66fcc91b, 0x4e7d3115, 0x361b384f,
    0x98e4c861, 0xc99ae61f, 0xe21bdcbd, 0x7f3d4cb2, 0x48f80e1f, 0x00131d82, 0xc0ab1300, 0x67131d77, 0x130a82c0, 0x1d84c09b, 0x240a821e, 0x51646b38,
    0x260d821e, 0x04331d7a, 0x50500a99, 0xc62b056f, 0xf8f90e1f, 0xeec01d82, 0x83ee48f7, 0x002b2136, 0x00203683, 0x0b213682, 0x20368400, 0x08368500,
    0x7af09023, 0x1643f81d, 0x423d03fb, 0x1dfb1dfb, 0x03f741d9, 0xd5d804f7, 0x1df71df7, 0x04fbd43e, 0x3343fc1f, 0x82548a15, 0x0a99212a, 0x3407d250,
    0xf79a0e1f, 0x0100f787, 0x1d41a8f7, 0xb5f819f8, 0xfb05fb15, 0x21018256, 0x0582f700, 0xf705f723, 0x2a018256, 0x0656fb00, 0xe1c79a0e, 0x8ce146f7,
    0xfb1b2327, 0x26823556, 0x26821e20, 0x56f71e23, 0x822582e1, 0x159c290d, 0x51f70ab0, 0x44f70aa0, 0x99331682, 0x89f91d41, 0x37fd1d6d, 0xfce900fb,
    0xf805f7e4, 0x8599f7e4, 0xe94f0807, 0x49f70e06, 0xfb18f78b, 0x4ef87603, 0x2af700f7, 0xf9dd1277, 0xf978132f, 0x131d6d0b, 0xfc5afbb8, 0xf827fbcc,
    0x60fb0536, 0x0ff700fb, 0xfc32f706, 0x1df7054e, 0xf98df706, 0x7d0e0550, 0xf8dd1d9a, 0xbdf8036b, 0x6bfc1d6d, 0x84f70626, 0x82fb8dfb, 0x26053003,
    0x00f76bf8, 0xf707ccfb, 0x057af773, 0x83fb07a3, 0xccf73106, 0xa0c80e06, 0x775cf976, 0x41bef701, 0x16bef71d, 0x8a2c8582, 0xfb1ef706, 0xfbdbdb23,
    0xfba5f7a6, 0x49080182, 0x1df73cda, 0x0e0521f7, 0xf601ffd8, 0x1dba0080, 0xbaaaf801, 0x35f7031d, 0x0bf815bd, 0xfb870af8, 0x05f7055a, 0x17f88a06,
    0xfb16fc05, 0x5af70604, 0xfc0afc8e, 0xf70e050a, 0xf7b9f791, 0xf9dd0106, 0xb7f80377, 0xa6f715d7, 0x5183a6f7, 0xf73b3c31, 0x051cfb22, 0x06fba4fc,
    0xfb06a5f8, 0x831dfb23, 0x58002159, 0xff225984, 0x07831502, 0x95f70338, 0x17f815e3, 0x16f8058c, 0x8a04fb07, 0xfc59fb8e, 0x3b0af809, 0x5882f83b,
    0x8f5bfb2a, 0x96c80e05, 0xbff70176, 0xf72db082, 0xf81daf81, 0xfc05fba5, 0xd81dbea5, 0x309b82db, 0x0303f7dd, 0xf815dbdd, 0x0604f716, 0xf88859fb,
    0x2037820a, 0x269083db, 0x055af78f, 0x830605fb, 0xf7c42596, 0x771df705, 0xf72d9984, 0xda15e2f7, 0xf722fbdb, 0xa5f8051d, 0x204682f7, 0x2f8e84b6,
    0x00800802, 0xdd0102f7, 0xf80302f7, 0xdb15cfc8, 0xf8244182, 0x865af70b, 0x0723e982, 0x828a16fc, 0xf7072be9, 0xf7878c04, 0xf80e0559, 0x4f87f7a4,
    0x038afa31, 0x15e2cbf9, 0xa5f7a5f7, 0xa6f7a5fb, 0x83f73b3b, 0xe6fc23dd, 0x10831db6, 0xe5236687, 0x8321fb06, 0xf8c823f4, 0xc48677bb, 0x8215fb21,
    0x07a927c5, 0x22fb1df7, 0x7641dadb, 0xf73b2d08, 0x0523f71e, 0x1dbea9fc, 0x769424f7, 0x092bae82, 0xf820f803, 0xcefb15fe, 0x83f7cffb, 0xf7cf2303,
    0x0a8205cf, 0xf7152f26, 0xfb2ffb30, 0x2f290383, 0x0e052ff7, 0xaefd0a72, 0x23e982f7, 0xf7fb0a72, 0x37230782, 0x8405fb04, 0x0e280808, 0x9afb7ef8,
    0xec36f7eb, 0xf7ecd1f7, 0xbf01eb47, 0xf22ef7f1, 0xf7efbcf7, 0xf803f146, 0x15a2f9d8, 0x73fbc5fb, 0xcffb67fb, 0xed085382, 0xf75ffb6e, 0x9bd3debf,
    0x771fcaa6, 0x527005e8, 0x1b437e49, 0x45fb85fb, 0x9ff72ff7, 0x47f79df7, 0x8ef739f7, 0x4bf76ff7, 0xb3fb12fb, 0x5e5f1cfb, 0xa4686152, 0xd2f71fc8,
    0xc4073627, 0x3db25067, 0x2a15fb1b, 0xfb2bfb22, 0xf721eb29, 0xb6c8df17, 0x371fafcc, 0xc873d5a5, 0xdc15f71b, 0xf752f7ef, 0xf774fbd0, 0x1faffb48,
    0x1545fd73, 0xe8cc4e37, 0xe0cdc7e8, 0x2e49cce0, 0x364b4a2d, 0x7fd30e1f, 0x14f72ff3, 0xf4f87620, 0xf7b412f3, 0x06f76106, 0x06f732f7, 0x130ab999,
    0x163cf93b, 0xba5e5b13, 0xb266b562, 0xcea3c1b2, 0xfb08d293, 0x5f840607, 0x6c7b677f, 0xb860c355, 0x1308b069, 0xcdbfe196, 0xf61ae6bf, 0x2523ca36,
    0x08fb4f2c, 0xc35f9d5b, 0x9a131e45, 0x5c545430, 0x17fb1a31, 0x19f74cf6, 0xb4a4d0db, 0x3b131ec2, 0x7a9d799b, 0x3382789d, 0x78fb2f08, 0xbc15f4f8,
    0x62646fa6, 0x593a7270, 0x7fbb651f, 0xbf1aa8a6, 0x1ebba6ad, 0x1598fc76, 0x5d349a13, 0xabb7c2b1, 0x1fb4d0a3, 0x56be5eb4, 0x328249ca, 0x67712f08,
    0x1b5e7f61, 0xe4f8a00e, 0xf70100f7, 0xf705f777, 0xf71d411b, 0x501d6d4c, 0x1f506060, 0xb6500733, 0xb61ec660, 0x05f791fc, 0x1bf749f9, 0x078249fd,
    0x06b55008, 0x86f7c10e, 0xf7c3deba, 0xbbddc33c, 0xdfbbdd01, 0x5ec1f7c6, 0xf7ee281d, 0xee0ff710, 0xf78c0a9d, 0xa5ac15c7, 0x1f966e79, 0x7dca06c9,
    0x1b4cb354, 0x3b4f4f3c, 0xda4fc73b, 0xcab3c2ca, 0x064d1f99, 0x7a71806d, 0x695d1b6a, 0xadbcbdad, 0x841fb9ae, 0x4cf7254e, 0xe5bdd7b8, 0xba294e82,
    0xf0c50cf7, 0x1d5ef6c6, 0x09508427, 0x0a9def0f, 0xa1f707f7, 0xae6dbe15, 0x16fb1e51, 0xedc5a1fb, 0x29d506a6, 0x3d06d105, 0x94b505f0, 0x1ab6a9a4,
    0x15af34fb, 0x96ad06c3, 0x8072737e, 0x531f697d, 0x21860e06, 0xe218f9e2, 0x09f7de12, 0x06f704fb, 0x06f783f7, 0x08f703fb, 0x71f8d813, 0x13154ff7,
    0xabacbed4, 0xf61ac7b1, 0x1cfba426, 0xa12f1eac, 0x1aae946e, 0xcaa6bcbc, 0x5677bec5, 0x06f71e9b, 0x3676f306, 0x1b16fbc3, 0x4e2a18fb, 0xa64e06fb,
    0x1f72be6a, 0x6b59e813, 0x1a4e656a, 0xf772f021, 0xe71e6a1d, 0x6882a775, 0x705f5a1a, 0xa057504a, 0xfb1e7bc2, 0xa0220607, 0x17f751e2, 0xe71af71b,
    0x1f06f7c8, 0x70c7d813, 0x1ea358ad, 0xa9fbe413, 0xab1510f7, 0xa3afa09d, 0x9a87991e, 0x08889a87, 0x84b370f5, 0x796b1a5b, 0x1e736676, 0x8e7c8f7e,
    0x21088f7c, 0xbb9263a6, 0x4cf70e1a, 0x01cb56f9, 0xf7d047f7, 0x68f7cf2f, 0xf9dd03cf, 0xfbec1556, 0x86f7d086, 0x9cfbcbed, 0x16e4f806, 0x0894822a,
    0x0518f78f, 0xcfc6fb3e, 0xf3066af7, 0x8f0521fb, 0x21f7f306, 0xcf6afb05, 0x0e07c6f7, 0x4bf823fb, 0xdd48f7dc, 0xf7dedd01, 0xf703de45, 0x15a2f991,
    0x2c3f3e2c, 0x8a2c1f8c, 0x1be93ed9, 0xead8d8ea, 0x2bd73fea, 0xbc04391f, 0x585864b3, 0x5a5a6463, 0x8cbeb263, 0xb38abe1f, 0x0e1bbcb2, 0xe18bdef8,
    0xe8c7e1d8, 0x7fe96cf7, 0xfcf71dae, 0xebd906f7, 0x13ec6af7, 0x4bfa80f7, 0xf715c9f7, 0xf7e2e505, 0x3006f706, 0xfb04fbe3, 0xfb333106, 0xe505fb06,
    0x08ee8233, 0xed20fc25, 0x8bfb9515, 0x80ef1305, 0xb0f8f1fb, 0x591afb05, 0x06b9f71d, 0xf78cf780, 0x05b1fcf3, 0x50f91af7, 0x820606fb, 0xf8220846,
    0xc7153920, 0x4e4f5bb9, 0x4e4f5c5d, 0xc7c8ba5c, 0x1fc8bbba, 0x5bfc53fb, 0xe112f815, 0xfb0612fc, 0x0885048d, 0x5a0e4108, 0x01775cf9, 0x0348f8dd,
    0x5cf9c0f7, 0xfb6efb15, 0xf73cda6f, 0xf71ef71f, 0xda1efb1f, 0x510e05da, 0x00f717f8, 0x1da561f7, 0x31fb61fb, 0x31f700fb, 0x05f77cfc, 0x32f77cf8,
    0x32fb00f7, 0xf7510e06, 0x47201e83, 0x42202282, 0x42202282, 0xfb212285, 0x82078647, 0x86f7202a, 0x47f7212a, 0x2d083287, 0x15f72cf9, 0x5d50fc01,
    0x0dfc030a, 0xf90e0a2a, 0x0120f726, 0x27f772fb, 0xf929fb03, 0x0a6215b2, 0x0e1f0a61, 0xb17797f9, 0xf98afb0a, 0x20824ddb, 0x0b839820, 0x82492a21,
    0xf7052b09, 0x15fc0173, 0xfb03c3f7, 0x0e8355b2, 0x730a8c21, 0x0e220bc6, 0x108205f9, 0x8224a921, 0xe10d3519, 0xbc2afc01, 0xf93c031d, 0x783115bf,
    0xe21d4906, 0x1eecc5d7, 0x21082082, 0xcd0cf7cd, 0xcee1fb01, 0x03ce09f7, 0x1d5b64fb, 0x1d9d16f9, 0x43f91d51, 0xe0fb01de, 0x39038ef7, 0x24821d61,
    0x4ff72408, 0x915efb01, 0xf917fb1d, 0x1d9e1569, 0xac9fa7a9, 0x709b7aa5, 0xfb0e1e90, 0x124ef78e, 0x0ab959fb, 0x7539c013, 0x500806fd, 0x5c1f87a6,
    0x06cc0534, 0x850e0a54, 0xf725f71d, 0x3efb1205, 0xfbb013e3, 0xa21d3141, 0xa4fb010a, 0x643903e3, 0xfc1dbb1d, 0x03bff711, 0x15f5f739, 0x00fbbffb,
    0x0e06bff7, 0xc5fc1da3, 0x390373f8, 0x3515baf8, 0xfc1dfc06, 0x06e005ba, 0xfc1d8e0e, 0x2e1482c4, 0x1596f93a, 0xfc0607fb, 0xf91db000, 0x4116f7bd,
    0x9b82082c, 0xfb290e83, 0x031af76c, 0x3ffa29fb, 0x84481815, 0xa7b23507, 0x6fb0b0a7, 0x0e1f64a7, 0x6bf796f9, 0x8afb0ab1, 0x0a4d6dfa, 0x2a220c87,
    0x0a831d4a, 0x3a417220, 0x83562007, 0x0a8c220e, 0xac4718f9, 0xf90e270a, 0xfa0a8c98, 0x3382243c, 0x41e29d21, 0x2d6b063a, 0x2340820c, 0xce0cf7cc,
    0x20093a41, 0x392a825e, 0xfa1d9da1, 0x130a7c39, 0x860a9870, 0xb0131e1d, 0xf7b41d58, 0xf90e1f03, 0x4d41dfd3, 0x1d6a2106, 0x22101441, 0x41cb9afb,
    0x22080615, 0x4e48060a, 0x0e1d8a5b, 0x98f992fb, 0xf7dd0177, 0x89f7037b, 0xfb0e0a49, 0xe10df938, 0x1dbcda01, 0x412af803, 0xaa230dbd, 0x82a9f90a,
    0xbafb21a1, 0x28066841, 0x13e35af7, 0x3157f7b0, 0x2018821d, 0x09ee7842, 0x0ffb0e2e, 0x15f72cf9, 0x0a5ddd01, 0x2a29f703, 0xf3285182, 0x20f726f9,
    0x27f7d701, 0x62420f82, 0x20768208, 0x23768697, 0x4ddbf929, 0x4a242682, 0x73f705f9, 0xc3248882, 0x5549f703, 0x7f230f82, 0x82de43f9, 0x038e240e,
    0x8261e0f7, 0xc78608a6, 0xdd010aa2, 0xa4f703e3, 0x7efb1d64, 0xf7cd05f9, 0xdd01cd0c, 0xce09f7ce, 0x5b63f703, 0xf922fb1d, 0xdd0abe16, 0x00130abb,
    0x00f8b013, 0x0e5a1d51, 0xf71d8193, 0x4bf7f25a, 0x1d7100f7, 0x02f7f064, 0x07f797ef, 0x1306f72f, 0xf7fcf8f5, 0x66de155a, 0x1ea33dce, 0xa8c9f613,
    0x1ad4b9aa, 0x5ee3ed13, 0x1ea239c5, 0xfb271bf7, 0xf702fb10, 0x10fb2610, 0x41f51307, 0x130650fd, 0x11fbd5ed, 0xf711f7f0, 0xef11fb02, 0x3f821af7,
    0xc0a3eb33, 0x131aedce, 0xf71dfbf6, 0x6d5015c4, 0xfb1e3969, 0x08668240, 0xdc063f3e, 0x1f4e6eab, 0xfc2af513, 0x4ffb151e, 0x4df75af7, 0x66a9e706,
    0x646f4f4d, 0xfb0e1f2f, 0x30f79748, 0x97baf897, 0xc5971ef7, 0x9afb0697, 0xa01e0797, 0x090cff37, 0xf70b0c8b, 0x05f70a00, 0x51090582, 0x05f70c0c,
    0x1df90d0c, 0x0013ba15, 0x010002a0, 0x3f002000, 0x93005500, 0xe500a400, 0x47010c01, 0xa9018201, 0xec01d001, 0x0402f701, 0xa6027002, 0xb302ab02,
    0xec02be02, 0x43033703, 0xbb039c03, 0xdf03d303, 0xef03e403, 0x1d041704, 0x2f042b04, 0x4e043304, 0x60045b04, 0xb004a204, 0xc704c204, 0xe804d904,
    0x32052005, 0x78056d05, 0x9c058005, 0xa905a105, 0xc805bb05, 0xe105d005, 0xfa05f605, 0x30060006, 0x64065206, 0x7c067606, 0xaa06a406, 0xb806af06,
    0xc606c106, 0xe006d306, 0xed06e506, 0xfa06f606, 0x0907fe06, 0x23070e07, 0x4e073107, 0x5d075507, 0x77076a07, 0x80077b07, 0x96078507, 0xb3079d07,
    0xcb07bf07, 0xde07cf07, 0xea07e507, 0x0708ee07, 0x26082208, 0x30082a08, 0x4d083408, 0x63085508, 0x7d087108, 0x8f088708, 0x9a089308, 0xb3089e08,
    0xca08bf08, 0xda08d208, 0xea08e108, 0xfa08f108, 0x10090309, 0x2c091b09, 0x40093609, 0x49094409, 0x57095009, 0x75096609, 0x8a098209, 0xa4099609,
    0xc009b209, 0xc909c409, 0xe309d609, 0xf109ea09, 0x090afd09, 0x210a150a, 0x300a280a, 0x3d0a380a, 0x480a430a, 0x5e0a530a, 0x680a630a, 0xd97f6315,
    0xf70e231b, 0x4e18060c, 0xfb2716a4, 0x0b15f69b, 0x6634b649, 0xcd3810f0, 0x94fb4a0b, 0x5b94f74b, 0xfb0541f7, 0xfb5a061c, 0x96fb4b41, 0x5a96f74b,
    0x04380f83, 0xfc31f706, 0x18f705ba, 0x4df7c006, 0x058ff7c2, 0xfbc2069d, 0x4dfbc08f, 0xf7371283, 0x05baf831, 0xc84d150e, 0x2500fb25, 0x4e4e00f7,
    0x38fb37f7, 0x51150b05, 0x66240ce7, 0x1b28563c, 0x24064e18, 0x3806f66c, 0x2cf90e1f, 0xa6a7b215, 0xa66fb0b1, 0x706e6564, 0x70a86566, 0xb21d90b1,
    0x231182a8, 0x6464a66e, 0xb2211185, 0x6567821f, 0x8f210ada, 0x5e40181d, 0x66382022, 0x3d080512, 0xa22b0e1f, 0x1aae9469, 0xd4a4b6b1, 0x5e75b5d1,
    0x06f71e9b, 0x3c77ef06, 0x1b21fbce, 0x4b2d1efb, 0xcc2f03fb, 0x652ef76c, 0xbf75e71f, 0x621a5d84, 0x2c42755e, 0x7ac8a75e, 0x0607fb1e, 0x4d18f90b,
    0x9c8311b0, 0xb0b0a724, 0x9c82a76e, 0x66666f24, 0x9c826fa8, 0x15adf922, 0xcb87bb87, 0x871d9021, 0x82cb87bb, 0xb9fb2cc3, 0x8bfb9507, 0xb0f8f2fb,
    0x4719fb05, 0xf22f087a, 0x0b05b1fc, 0x38f738fb, 0x38fb37fb, 0x180b4ec8, 0x08082c51, 0x3916e932, 0x1d81931d, 0xf7f35cf7, 0x7100f748, 0xf7b0f71d,
    0x06f73006, 0x88f8f413, 0x13150af8, 0xa9a8caf8, 0xf71ad2b9, 0xfbcc3e07, 0xbefb1e1c, 0xc2f750fd, 0xf7381c82, 0xf7d6e027, 0xce66e00f, 0x131fa33c,
    0x14f776f8, 0x6a6d5215, 0x40fb1e39, 0xe2434482, 0x29f42807, 0xfb151efc, 0x435cf74e, 0x4b2d05e2, 0x2f646e4f, 0xfbd70e1f, 0xd8130693, 0x0530605a,
    0x2f60b820, 0xdc280821, 0x1f35bf4e, 0x3ba0ee0e, 0x0a2b0b0a, 0x50f91af7, 0x0a430b06, 0x06f7bf01, 0x1d9185f8, 0x0a94a80b, 0xd212777f, 0xe0f705f7,
    0xec3eb382, 0x1d8c0df8, 0xfbe9dc13, 0x98b4fd05, 0xec131f1d, 0x01fb3cf7, 0x24fb0bf7, 0x66fc721e, 0xce824615, 0x9aaeec25, 0x62b6a7a5, 0x602208db,
    0xdb626fa5, 0x9b62250e, 0x25ec131e, 0x3721db62, 0xf71d8146, 0xf700f757, 0x0b00f749, 0xfdf78bfb, 0xcc18f7d7, 0x8b5df74a, 0x2407a35d, 0xf979f7dc,
    0x2da35d0e, 0x5fb2ac21, 0x6523051c, 0x5ddc131e, 0x152105a3, 0xba4618fb, 0xb846180d, 0x09aa7c0e, 0xf7d83108, 0x07eff705, 0xdc411af7, 0x0b1e10fb,
    0x6fc1471a, 0x8eaaa1d6, 0x0b1e938c, 0x1d3c07cc, 0x50f7760b, 0xf7b9f7f6, 0x0b778b04, 0xea131525, 0xf6130a63, 0x0bd24018, 0x18ea1321, 0x2f08ce43,
    0x9ed5f613, 0x1be1c1c5, 0x4000f70e, 0x8a0b0a50, 0x0808d077, 0xa65fc145, 0x010a400b, 0x1d52a00b, 0x0689f70b, 0x2ff75ff7, 0x5ef728f7, 0x2efb5ff7,
    0x60fb27f7, 0xe4fc8c1f, 0x0b19fb15, 0x471598f9, 0xfb37fbcf, 0x0557be37, 0x4048f70b, 0xa09c0b1d, 0xf781f776, 0xf78bf700, 0x82dd0100, 0x91c52aa6,
    0x6d05f81d, 0x59b3fb1d, 0x2e17821d, 0x2df70642, 0x1df7ebe8, 0xe72e1ef7, 0x181f2dfb, 0x6414764b, 0x0b3c0c07, 0xf5d4422b, 0xebd5d4f4, 0x2241cfeb,
    0x2c424621, 0x0a660e1f, 0x610b05f7, 0x62626e6c, 0x26080f5d, 0x0b1f61a8, 0x8515dcf9, 0xf7480888, 0x0527f748, 0x1da3460b, 0x03a8f8a3, 0xfb16c0f8,
    0xf7adf758, 0x05a1f74e, 0xfb061cfb, 0xfb4cfb0a, 0x054cf70e, 0xf7061bfb, 0xfb9ffb4e, 0x05affb59, 0xf7061cf7, 0xf759f714, 0x0559fb19, 0x60c7150e,
    0x0a786c9a, 0x1e82a774, 0x08057059, 0x63ca0ea8, 0x1b36b648, 0x01fb25fb, 0x39fb0bfb, 0xfbf639fb, 0xe027f70b, 0xb4c8b5cd, 0x20072d1f, 0x41265254,
    0x78d2ac4e, 0x0609fb1e, 0xf7a31dfb, 0x17f7470b, 0xf237f71b, 0x1f38f7f4, 0x4748150b, 0x27fb47f7, 0x0b05bebf, 0x0af772be, 0x0b0551f7, 0xe9f7c2f7,
    0x0622fb05, 0xd4fbaffb, 0xfbd4f705, 0xf71d5905, 0xbcf707e2, 0x0b05e2fb, 0x00f70a90, 0xfb5a060b, 0x1d2e0505, 0xf78df70b, 0x22f815c2, 0x0a530758,
    0xf83df807, 0xfb0b1522, 0x32055738, 0xb30af707, 0x0bbdfb05, 0xa393e6b9, 0x0b089d8a, 0x2815e4f9, 0x0a4e5afb, 0x0785adcb, 0x17620b20, 0x74480806,
    0xdaed3c1d, 0xbbfb07d2, 0x12f715da, 0x0a809b0b, 0x462c150b, 0xb70bf5d4, 0xbac1e205, 0xcb1acab4, 0xfb20cb59, 0x3b4a5101, 0x06ee1e84, 0xa0a591bf,
    0xa0b21bb4, 0x786a6c76, 0x1f54437a, 0x02fb26fb, 0xf4f74505, 0x150e07da, 0x2f065d7c, 0x4701f7a8, 0x0790f70a, 0x0a7bc813, 0x07f79813, 0x8d280882,
    0x7d8c8083, 0xf7f70e1b, 0x08f94918, 0xfaaa122c, 0x0b701342, 0x696b7b62, 0xb8611a58, 0x0b1e3909, 0xf7e71af7, 0x92fa0b1c, 0x53544515, 0x53c34545,
    0xc3c5d0d0, 0x480a68d1, 0x14bc5418, 0x6c0b2508, 0x0605fb0a, 0xb50a220e, 0xaab60bc9, 0x6cb3b4a9, 0x620b60a8, 0x62636e6b, 0x0bb46dab, 0x0a811d2b,
    0x1596fb0b, 0x071e6518, 0x0b404808, 0x1d2e1822, 0x07517e13, 0x1d9bbe13, 0xfc05fb0b, 0x23f70bba, 0x6ac20a83, 0x1f8a0b0a, 0xc3528cd1, 0xa00b1b45,
    0xf70b0a7f, 0x550b0306, 0xf70abf1d, 0x1305f79d, 0x05f70bb8, 0x5c0b50f9, 0x88f70aa0, 0xcff81d41, 0x189a1d6d, 0x0808474c, 0xcdb34d67, 0xf71be161,
    0x0bf7f627, 0xfb0b3cf7, 0x95b0fcf2, 0xf7058bf7, 0xfd05fbb9, 0x0719f750, 0xb1f8f3f7, 0x058cfb80, 0x1d6fb9fb, 0x726a776f, 0x990b7a9c, 0xfb0a731d,
    0xfc0b077d, 0x8450f909, 0x6d57f70a, 0x0b05fb1d, 0xfb072af7, 0xfb057205, 0xf1212511, 0x1d785f0b, 0x401d600b, 0xcd120b76, 0xd30b05f7, 0xf0cb03f7,
    0x092f64d4, 0x6023dd83, 0x700b9e6a, 0x252805ce, 0xfb82fb06, 0x5ef80582, 0x96237082, 0x650b0abc, 0x20080696, 0x7bf7b813, 0xda1cf70b, 0x949af2c5,
    0x1e958a8a, 0x1d47150b, 0xf57f860b, 0x01f594f8, 0xf705f7c7, 0x21f082d0, 0x42821d94, 0x760b0530, 0x0b77baf8, 0x0b1d697f, 0x1d8b09f7, 0x44181fb6,
    0x0b2811e1, 0x2df8a2f8, 0x0601fb15, 0x08076c43, 0xf812fb20, 0x6b51150f, 0x0b1fdeb2, 0x0b011d40, 0x0b1d6377, 0xf738fb15, 0x0a6c0b38, 0xf7030b07,
    0xc15cca33, 0x5c3e2008, 0x0b3009c1, 0xb41d9a56, 0x0b0396f8, 0xfbd9d815, 0xf71ef71f, 0x3e260382, 0xf7cc0bd9, 0x2f64d817, 0x0b5c2307, 0xc682e4f8,
    0x44f8503b, 0x0e0700f7, 0xfc0175f7, 0x03dbf72c, 0x1bf70b3a, 0x45fbb02a, 0x8da00bb2, 0x2121841d, 0xb482e4fc, 0x0b5a2a08, 0xf7bab8d0, 0x063a1f02,
    0x69717b5a, 0xa49b7972, 0x5c131e5e, 0x1e7cad0b, 0x7b63f213, 0x1a59686b, 0xf47f840b, 0x01f400f8, 0x25eb82bb, 0xf77679fb, 0xa7826982, 0x0a532c08,
    0x0722f8ec, 0xb41d330e, 0x0ba4a197, 0xdbf71d7b, 0x89fb1d6d, 0xb51d330b, 0x0ba4a097, 0x3864abc5, 0x51656b37, 0xfbb0fc0b, 0x8269f700, 0x81222b68,
    0x84e4f81d, 0xf757f70a, 0xe5821500, 0x44540334, 0x4bbd4745, 0xf7ee0be5, 0xee0ff70f, 0xfb0ffb28, 0x05822810, 0xa00b1f2b, 0xf550f876, 0x05f7cd01,
    0x0804820b, 0x8df7062d, 0x0b0308f7, 0x0b010a8e, 0x777f0a50, 0xcb9afb0b, 0x0b766ff7, 0x26f700f7, 0xf40b26f7, 0xa8f77643, 0xf77cf7eb, 0xf7bf1200,
    0x5f150b06, 0xf72705fc, 0xfb05fb0b, 0x430b070b, 0x55080585, 0xfb053cf7, 0xf70e073c, 0xfb96f906, 0x770e0606, 0xe0f71d67, 0xae1305f7, 0xfb0b5ef8,
    0x7685fb1c, 0x04f766f8, 0x017766f8, 0xf933fb0b, 0x0175f705, 0x03dbf7dd, 0xa70b2df8, 0xfb431e82, 0x06d70538, 0x8f46f7e8, 0x120aa10b, 0xf71d790b,
    0x50f80bea, 0x50fc05fb, 0x07835cfb, 0xfb2d0b3f, 0x8c6f8846, 0xb64f0877, 0xfc0baa7c, 0x89f83589, 0xfb010e06, 0x037bf7cd, 0xf786f70b, 0x05a35d21,
    0x0b2f2308, 0x5ef7c006, 0x55062305, 0x0b055efb, 0x8efb83fb, 0xb8f900f7, 0x0b0100f7, 0xf7f68b20, 0xb201f6e4, 0x2f8264f8, 0xc6f8ff28, 0xf70b1d80,
    0x9b827e05, 0xfb0bf038, 0xf705f723, 0xf70b068d, 0x0b001307, 0x04fb03fb, 0xf7d10b3e, 0x1f82d168, 0x92f72308, 0xfb97f707, 0x010b0592, 0xca27f7f5,
    0xf70327f7, 0x7ae30b47, 0x120b12e3, 0x0b05f7c8, 0x00000100, 0x03820c00, 0x2200002a, 0x03000200, 0x22010100, 0x84220382, 0x0582b901, 0xd801ba22,
    0x022c1182, 0xba010400, 0x0200c501, 0xc701c601, 0xcc221582, 0x0b82d601, 0xd701d722, 0x01203b84, 0x0a343b82, 0x92003800, 0x46440200, 0x0e00544c,
    0x6e74616c, 0x04001e00, 0x00221782, 0x3f82ffff, 0x57820020, 0x0f8a0420, 0x13820120, 0x06000528, 0x6e72656b, 0x05842600, 0x616d3026, 0x3a006b72,
    0x42260584, 0x6b6d6b6d, 0x05844a00, 0x43825220, 0x03820320, 0x41820120, 0x49840020, 0x02200985, 0x5f830b82, 0x4f820789, 0x02212782, 0x2e078300,
    0x00100007, 0x002e0020, 0x0042003a, 0x8452004a, 0x00052a3b, 0x1198034a, 0x1d6c1928, 0x280f843c, 0x1d441d04, 0x30b42a5a, 0x260d8440, 0x304a3003,
    0x844a3174, 0x310122a3, 0x2c078552, 0x06002c34, 0x01000001, 0x0600ec3f, 0x25078202, 0x01002c40, 0x1b84f441, 0x00479408, 0x009e0098, 0x00aa00a4,
    0x00b600b0, 0x00c200bc, 0x00ce00c8, 0x00de00d4, 0x01fe00e8, 0x010a0104, 0x01160110, 0x0122011c, 0x012e0128, 0x013a0134, 0x01460140, 0x0152014c,
    0x015e0158, 0x01720164, 0x018e0180, 0x01a2019c, 0x01ae01a8, 0x01ba01b4, 0x01c601c0, 0x01d201cc, 0x01ee01e0, 0x020a02fc, 0x02260218, 0x02420230,
    0x02660254, 0x028a0278, 0x029e0294, 0x02b202a8, 0x02be02b8, 0x02ea02d4, 0x03fe02f4, 0x0326031c, 0x03360330, 0x0001003c, 0x84290090, 0xb0312005,
    0x00022405, 0x8213008f, 0x003d213f, 0x05260989, 0xadff4d00, 0x03824e00, 0x03824f20, 0x03825020, 0xbeff5a22, 0x8f2259ac, 0x2f820800, 0x0c200587,
    0x05a50b84, 0x8e000324, 0x93821400, 0x93823620, 0xa9006421, 0x8201200d, 0x8b61a533, 0x205f8329, 0x2039821a, 0x206d824a, 0x206d8456, 0x200d8213,
    0x200dbc3e, 0x20418202, 0x24418431, 0xff8d0004, 0x20cf82e2, 0x8311d00d, 0x821f2063, 0x001f2163, 0x0126099d, 0x74008b00, 0x87820100, 0x0500ea28,
    0x1e009800, 0x03829900, 0x03829a20, 0x03829b20, 0x03829c20, 0x40201583, 0x40261582, 0x40009a00, 0x03829b00, 0x03829c20, 0x20070b42, 0x08154240,
    0x07004022, 0x20062942, 0x20478240, 0x22318274, 0x829a0074, 0x829b205b, 0x829c2003, 0x24319303, 0xff680101, 0x06fb41fa, 0x32110b41, 0x00f83e02,
    0x40000004, 0x006441b2, 0x00480018, 0x82d7ff00, 0xffd03001, 0xffa0ffd5, 0xffaaffce, 0xff9cffc2, 0x82f8ffdc, 0x82dc2003, 0x84ca2003, 0x82f8200b,
    0x8503870f, 0x829c201b, 0xfff02811, 0xffe8ffc0, 0x82cfffb8, 0xff9c2703, 0xffc3fff4, 0x00c900cf, 0xf4ff0422, 0xec249b82, 0xe6fff6ff, 0x358454ab,
    0x3182fa20, 0x03820c20, 0x9f820020, 0x09834582, 0xff2203c1, 0x4f8300f8, 0xe0fff022, 0x08214bae, 0x84008300, 0xe6ff2a05, 0xe8ffd9ff, 0xfafff4ff,
    0x2100c000, 0x8f82f0ff, 0x5182d820, 0xfcffc422, 0x07854c85, 0x8207ab41, 0xfff8221d, 0x851383f8, 0x82238317, 0x8235830f, 0x2b0d8303, 0xd7ff0000,
    0xd1ffc9ff, 0xf2ffe4ff, 0x67419382, 0xca3f852c, 0x00082105, 0x0622008b, 0x0e821400, 0x03820620, 0xf38202b6, 0x3a870c20, 0x85ecff21, 0x82ff2009,
    0xf4ff2707, 0xf2ff0000, 0x1183f2ff, 0x82fcff21, 0x83138301, 0xfff62603, 0xff0000fa, 0x410382f6, 0x2184064d, 0x0000b626, 0xc2ffaeff, 0x39842f83,
    0x293a4d42, 0xfafff0ff, 0xecffd5ff, 0x5983c8ff, 0x07420385, 0x202d821b, 0x207d82f8, 0x20ad82f0, 0x232d85ee, 0xfaff0000, 0x2587319b, 0x832007fc,
    0xff217dcf, 0xe951cff8, 0xd8ff2c4f, 0xcafffaff, 0xfaffdeff, 0x42ff0000, 0xff21363b, 0x200184c2, 0x214189dc, 0x0b82c2ff, 0xc5221583, 0x0b84d5ff,
    0x2341f820, 0x820f8409, 0x2621821f, 0xffb6ffd5, 0x82c8ffdc, 0x83c42003, 0x20f58e0d, 0xa80f8e14, 0xe1ff210e, 0xf42a0184, 0xe8ff7dff, 0xb0ff9dff,
    0x194389ff, 0xf4ff2105, 0xce200182, 0x1b86e58f, 0x81828920, 0xc0fffc2a, 0xa8fff8ff, 0xa2ffceff, 0xff216c83, 0x8805839c, 0x000c2103, 0x8808af43,
    0x4208f413, 0x9f45476f, 0xffe22206, 0x41c689c4, 0x19890f1d, 0xff210983, 0x069f45fc, 0x2609ef43, 0xffd5ffd0, 0x82e4ffd1, 0x47e82019, 0xff210707,
    0xa92b83e8, 0x203b8203, 0x200382fc, 0x245b82ec, 0xffecfffc, 0x825182f6, 0xe8ff2341, 0x0382f4ff, 0x0384f820, 0x1b82f820, 0x00220382, 0x0f85ff00,
    0xf8221f83, 0x0f83f2ff, 0xff216787, 0x250983dc, 0xdcff9cff, 0x058288ff, 0x3d82f620, 0x0000ec22, 0xff208b85, 0x2383af88, 0xff21039f, 0x223b82e6,
    0x82eeffe6, 0x82e62079, 0xffe42403, 0x82e0ffd9, 0xffe02149, 0x93820183, 0x1b853f8d, 0x35821383, 0xf0fff822, 0xf4243782, 0x0000f0ff, 0x37467388,
    0x000e2107, 0x820a4146, 0x2f6d432b, 0xf8ff0a22, 0xfa225582, 0xdf47faff, 0x000e211a, 0x20099146, 0x226f8208, 0x88060004, 0x827d8475, 0x070b4177,
    0x19871020, 0x8208f341, 0x20638231, 0x1f2d4108, 0xf020e382, 0xfc280382, 0x00000c00, 0x14000c00, 0xa0209582, 0xff210383, 0x210182a0, 0x0b83fff4,
    0x4385ee20, 0x82d9ff21, 0x830f8301, 0xffd92403, 0x84f8ffb0, 0x82158211, 0x8296202f, 0x8200203d, 0xff062c2d, 0xff9cff88, 0xff0c00d9, 0x950000e1,
    0xe9ff25db, 0xdbff9dff, 0x03df2f83, 0xffceff27, 0xffd1fffa, 0x436783e4, 0x21831d0b, 0xff210395, 0x200184d8, 0x211d84f0, 0x0182000e, 0x00b6ff25,
    0x84b6ff00, 0x84e22001, 0xffee240b, 0x82f8ffee, 0xffde2203, 0x821582de, 0x281f8203, 0xffc8ffde, 0xffdeffe2, 0x208182f4, 0x200f82e6, 0x283f83b8,
    0x0e00aaff, 0x9cff88ff, 0x070548ff, 0x1583c220, 0xff23038f, 0x43c2ffe9, 0x198f0535, 0xe2224384, 0x5982e6ff, 0x1400f022, 0x0e200d82, 0x08260382,
    0x0000ceff, 0x0184ceff, 0x0b84f620, 0x7582f420, 0xfcfffc24, 0x0182e8ff, 0x0383ce20, 0xe8201f82, 0xec24c582, 0xfaffe8ff, 0x7d830b82, 0x3982cf20,
    0x82ff0021, 0xa6ff257f, 0xf6ffbaff, 0x41053d42, 0xf02216af, 0x7182d7ff, 0x830aa748, 0x8203873b, 0x82d520a9, 0x00ea2503, 0x00faff00, 0x00218f83,
    0x235b82ff, 0xcfffdbff, 0xe1200182, 0xf8220b84, 0x2143f8ff, 0x850f8407, 0x82e7207b, 0xffe6261f, 0xffe1ffc5, 0x203b82d5, 0x864f87f2, 0x86102007,
    0x2106b007, 0x0184c4ff, 0x3884d720, 0xd7830e20, 0x8288ff21, 0x828820f7, 0xff882405, 0x8288ffcb, 0xffee226b, 0x218f83ee, 0x0182caff, 0x03838820,
    0xca261382, 0xd1ffa3ff, 0x0382caff, 0xeeffe122, 0x9c200f82, 0xff273f83, 0xff0000a2, 0x8476ff62, 0x82d520a1, 0x82b0200b, 0x83138203, 0x8403851b,
    0xffba2219, 0x2039829c, 0x847784cc, 0x835f824f, 0x8247826f, 0x82f4202f, 0x00e8247d, 0x820c0006, 0x84082031, 0x82f4208f, 0x162b4c09, 0x44e8ff21,
    0xfc2008e5, 0xf8200982, 0x06202982, 0x210a0544, 0x17410000, 0x860c2005, 0xab1e824f, 0xe8ff3102, 0x7e310200, 0x00000400, 0x8236d035, 0x2a001900,
    0xff2f6383, 0xffceffc8, 0xffd9ff88, 0xfff4ffed, 0x82dbffe6, 0xabe120bd, 0x252b9155, 0xcaffeaff, 0x7147e2ff, 0xfcff2105, 0xfd450d82, 0x47ae2005,
    0x2f474373, 0x82b58347, 0x82bc20e9, 0xff8e21fb, 0xed209f83, 0xe126a782, 0xe4fff0ff, 0x1b83a6ff, 0xff2103b7, 0x23398591, 0xa8ff94ff, 0x05850985,
    0xffb0ff23, 0x410184f4, 0xe820050b, 0xf2247382, 0xfcfff2ff, 0x03830782, 0xf6fff624, 0x2985ceff, 0xff210593, 0x223b82ed, 0x8cecffd9, 0x8bd92051,
    0x210bb10d, 0xff82c4ff, 0x37839420, 0x25051b45, 0x0000f2ff, 0x0f83d1ff, 0xff23039f, 0x468a00ed, 0x714619f3, 0xa35d9f1f, 0xe9ff251f, 0xcaffe6ff,
    0xc5240184, 0xc5fff0ff, 0xf0200182, 0xff213785, 0x22c582c5, 0x42d7ffc5, 0xff251d27, 0xffdeffce, 0x873185b6, 0xbfff2105, 0x07a40987, 0x8910d14a,
    0xae7b8953, 0x8d0c2053, 0xdcff23b5, 0x9b43b6ff, 0x82df2008, 0x82cf20f1, 0xffd32203, 0x889fa4a0, 0x057d4e24, 0xe820e588, 0x00255389, 0xfff8ff00,
    0x200582cf, 0x4c53afe1, 0x45820d5f, 0xe8ffee24, 0x6387caff, 0xff200785, 0x4b2d9f42, 0xff210e8f, 0x224586b4, 0x85baffa6, 0x08002109, 0xed207582,
    0xfc241788, 0xf6fffcff, 0x1d850183, 0x840f4b4f, 0x000c2115, 0x59885583, 0xfffaff29, 0xffdeffd1, 0x82ecffaa, 0xfff42249, 0x20b382f4, 0x200582fa,
    0x0c6145c1, 0x049a3884, 0x23874d88, 0xffcaff25, 0x4cbcffe1, 0x17830995, 0x00d5ff25, 0x84e2ff00, 0x82e62001, 0xffee2209, 0x071543e6, 0x0f85ff20,
    0x200d2f4a, 0x06814308, 0x8208d94a, 0x134f41a5, 0xa9000821, 0x099f4200, 0x34830620, 0x84b8ff21, 0xffd12405, 0x84c0ffac, 0x84c52009, 0xffd92c05,
    0x00f0ffce, 0xfff0ff00, 0x82f4ffdf, 0xffdf2203, 0x821783df, 0x43078211, 0x238619e3, 0xfaffcf22, 0xe1222982, 0xef83c2ff, 0x17830983, 0xffd9ff23,
    0x220783e2, 0x82ff0000, 0x200382f5, 0x084b4ce6, 0xe620fb83, 0x211f8949, 0x3f4eecff, 0xe1ff2111, 0x47828b82, 0xd9204d82, 0xe1200b82, 0xa3466382,
    0xd9ff2106, 0xd9202d82, 0xa341538e, 0x86158706, 0xffee21fb, 0x20064b42, 0x233b84ff, 0xd1ffd9ff, 0x2006b541, 0x8cf985df, 0x44df20fb, 0x06200ec7,
    0x0589d385, 0xfff4ff23, 0x894985fa, 0x20098313, 0x0a2949ff, 0x1e83978e, 0x4b42038b, 0x0733410a, 0x1d424184, 0xfe12830d, 0x0c0b4103, 0x50290232,
    0x00000400, 0xb02f682f, 0x28000c00, 0xedff0000, 0xe5220182, 0x0784e1ff, 0xae200b83, 0xf4240982, 0xf4ffe5ff, 0xdb200182, 0x09830584, 0xc3ffc322,
    0xc3220b82, 0xfd4bb0ff, 0x081f444d, 0x213e2341, 0x4983baff, 0xffcfff23, 0x20d1829c, 0x824cbec9, 0x9dff233e, 0x49829dff, 0x4f84c220, 0xeeffb622,
    0x820c4341, 0x2302891f, 0xedffedff, 0xe1202982, 0x09820382, 0xffedff22, 0x82063f41, 0xfff4210f, 0x45133f41, 0xe824071b, 0xa4fff8ff, 0x09a54789,
    0x8d918983, 0x499cff21, 0x738205af, 0xc3ffee22, 0xa51eb742, 0x82258a68, 0x3e534aa7, 0xff214c83, 0x210583e8, 0x29490000, 0x85b5b717, 0xfdff234f,
    0x5f89fdff, 0x231df954, 0xdaffdaff, 0x05872b85, 0xffbcff23, 0x890b87bc, 0xd6ff2307, 0x0d89d6ff, 0x1d4309a5, 0x0000214d, 0x022c4fa0, 0x0400a825,
    0x042d0000, 0x0100082d, 0xff210983, 0x24018282, 0x250100c6, 0x2b0d8396, 0x0c000100, 0x3f010200, 0x4301cfff, 0x0222e382, 0x15838625, 0x2df02c27,
    0x001b0040, 0x205f823f, 0x23fb82ba, 0xffd7ffdd, 0x2605d559, 0xff9cffb8, 0x82dcffec, 0x59f82001, 0x9c2308d9, 0x82ffb6ff, 0x22478217, 0x59e8ff0c,
    0x54414eb9, 0xd7ff210c, 0x0c880e8c, 0x49057b43, 0xff21075d, 0x450182f8, 0x61464463, 0x214d8208, 0x0547dbff, 0x08415606, 0x0b846582, 0x82e6ff21,
    0x098f4788, 0x54000021, 0xff21527d, 0x0fcf4ad5, 0x02847382, 0x2d5bfb86, 0xceff2308, 0x2943cfff, 0x94508437, 0x0d9b4c04, 0x14402294, 0x41355889,
    0xfaff0c25, 0x54ff0000, 0xca2207e9, 0x0d82d5ff, 0xd154e820, 0x84ff2009, 0x23f0830b, 0xaeffb4ff, 0x03850783, 0xff9cff31, 0xff0000f4, 0xffeeffdc,
    0xff88ffc8, 0x82f8ffec, 0x849c2001, 0x55e12005, 0x51862f69, 0xcefff822, 0x8615b751, 0x08e7421f, 0xfff8ff25, 0x82fcffe6, 0x0531497d, 0x84074b45,
    0xe6ff211f, 0xf8211782, 0x10db4a00, 0x05934385, 0xfff0ff23, 0x211782f0, 0x00820008, 0xb2205982, 0x05825785, 0xb9ffb222, 0x00281282, 0x0000e5ff,
    0x9dffa0ff, 0x09820b83, 0x7dff7622, 0x11850b87, 0xff200583, 0x09838984, 0x202f314c, 0x067352ff, 0xcf203786, 0xdb204d84, 0xcf208782, 0x4305155e,
    0x15830589, 0xf9aa03a6, 0x268e51a6, 0x8e517143, 0x4e0e8c60, 0x1a8c0d47, 0x23410cb9, 0x4f0b850b, 0x5c861003, 0x49421420, 0x05e94408, 0x4121b74c,
    0xff222c7f, 0x009a00f0, 0x4be7ff21, 0xff250d95, 0xff0000f4, 0x550382d5, 0x23410e6d, 0x08195b31, 0x7e83e620, 0x4f84ff20, 0xf8221382, 0x0b83c5ff,
    0x59d5ff21, 0x21830b7b, 0xff2103d3, 0x236797f0, 0x0000eeff, 0x240a174d, 0xffdbffe5, 0x22fb89d0, 0x85ffd1ff, 0x83e420b5, 0x2b6b4495, 0x210b3f60,
    0x3d8389ff, 0xf34203a7, 0x1d674923, 0x58085961, 0x128209a3, 0x8158ff20, 0xffa02405, 0x50a0ffee, 0xff2305b9, 0x4b0000d9, 0x1e8205bf, 0xff210282,
    0x21178589, 0x0c820600, 0x88ff002a, 0xaeffe1ff, 0x9cffd9ff, 0x29830382, 0x9f42e020, 0x58002008, 0xc958058d, 0x972f8309, 0x054b5f03, 0x47093742,
    0xee2008df, 0x820edf47, 0x2502c50e, 0xe0ffbcff, 0x7785c8ff, 0x6982c984, 0xc0240f82, 0x0000a7ff, 0xdd49e185, 0x8dff2305, 0x1f839aff, 0x70241582,
    0x90ff74ff, 0x210bdf41, 0x1582ceff, 0x0386c020, 0x2586c220, 0x0785c020, 0xff220583, 0x1d84ffc0, 0x83ceff21, 0x54038609, 0x00250cbb, 0xfff4ff04,
    0x151963db, 0x8211bf41, 0x5208207b, 0x65830d1f, 0xff2103bd, 0x076b46d5, 0x028a0782, 0xee237d92, 0x48000200, 0x00200af7, 0x430c7b44, 0x47462ff3,
    0x091b550b, 0xff220987, 0x008400be, 0x84306d46, 0x4e04a735, 0xfb911737, 0x279f51a7, 0xe14359a9, 0x0d7b4511, 0x1fb7699f, 0x61aea1a9, 0xae2c8746,
    0x342e9f5b, 0x004e1802, 0x21000004, 0x00e42194, 0x001b001a, 0xfff8ff00, 0x0dbf42f8, 0x1f83429f, 0xffedff29, 0xfff4ffe1, 0x5cd5ffee, 0x27831945,
    0x1422038e, 0x6b831400, 0x84eeff21, 0x84e82005, 0xffee2641, 0xff0600fa, 0x178142fa, 0xf2206d84, 0xcd650584, 0x111b4212, 0x03a22983, 0x200cb143,
    0x43008800, 0x38852fbb, 0xffe9ff23, 0x238983ed, 0xc8ffd9ff, 0x23139b42, 0xa0ffcfff, 0x6006fd5a, 0xff210ae9, 0xad3d85e9, 0x28698205, 0xff0200ea,
    0xffeafff4, 0x0f6147f8, 0xe8228384, 0x6551aeff, 0xeaff2105, 0xff215989, 0x054948b4, 0x27841185, 0x0583f420, 0xff000023, 0x09a746f4, 0x05971d85,
    0x82d9ff21, 0x83d9202d, 0x51078205, 0x595d0669, 0x21318305, 0xbb45e6ff, 0x911b8315, 0x12ed4103, 0x25910420, 0x774111a1, 0x00002505, 0xcfffeaff,
    0x8905835f, 0x26e58433, 0xffa6ffe1, 0x60e8ff8e, 0x20820ac5, 0x820b3d55, 0x2302a60e, 0xe7ffe3ff, 0x22063341, 0x8dd8ffc8, 0x0bbf4834, 0x0d87198d,
    0x5a055942, 0x17570639, 0x87058405, 0x23078d1f, 0xe7ffddff, 0xff251183, 0xffc8ffe6, 0x890983d3, 0x42d78403, 0xdc200951, 0xf541198e, 0x4419850a,
    0xff2105c7, 0x910d85c7, 0xaeff2305, 0x1582c6ff, 0x5f0acf56, 0xf4220849, 0x61430c00, 0x44142018, 0xef420535, 0x0b514205, 0x02984b82, 0xffa4ff23,
    0x05b542b8, 0x00f8ff29, 0x00dfff00, 0x82dfff08, 0x84f42001, 0xff002c0b, 0xffe1ffea, 0xffeeffd9, 0x82baffa6, 0x82f42027, 0x08d35887, 0x9f820020,
    0x82eeff21, 0x00ee2227, 0x6a058204, 0xa7450a6d, 0x36cb4317, 0x0021f382, 0x20618202, 0x12a342ea, 0x00980020, 0x230c4f44, 0xfaffc8ff, 0xc8200382,
    0x0222419e, 0xcb839a12, 0x1df01925, 0x83010010, 0x83002109, 0x8a240182, 0xcc120100, 0x042e0d84, 0x18001200, 0x24001e00, 0x37010100, 0x0583cfff,
    0x84260021, 0x84c0200b, 0x001b240b, 0x83ae1202, 0xe41c2729, 0x0900fe1c, 0xb5820b00, 0x200cbd5d, 0x21008600, 0x8997d9ff, 0xfffcff23, 0x0dff43f6,
    0xffa8ff23, 0x823683b0, 0x83f620c1, 0x23038507, 0x7dff69ff, 0xd1261584, 0xd5ffe2ff, 0xef5bf6ff, 0x83579105, 0x83159167, 0x82038f39, 0x00f42643,
    0xffc6ff00, 0x201982db, 0x8203820a, 0xf4ff2102, 0xf4248f82, 0xe8110200, 0x1827d583, 0x006e1cd8, 0x82020001, 0x00e12625, 0x11da1101, 0x281582e4,
    0x008a000c, 0x0102001f, 0x2003824a, 0x20038250, 0x20038656, 0x2007825c, 0x20038662, 0x20078268, 0x2003826e, 0x24078674, 0x0100007a, 0x28038238,
    0x0101003e, 0x01030044, 0x200382b0, 0x200382b6, 0x201f82bc, 0x20038280, 0x20038286, 0x2003868c, 0x20078292, 0x20038698, 0x2007829e, 0x200382a4,
    0x210784aa, 0x3f850100, 0x4401172e, 0x50014a01, 0x56015202, 0x62015c01, 0x68220786, 0x01835202, 0x866e0121, 0x82742007, 0x017a2817, 0x018c0186,
    0x82920180, 0x8298200b, 0x829e2003, 0x01aa2203, 0x202784a4, 0x202786b0, 0x241382b6, 0x01c201bc, 0x200786c8, 0x240782ce, 0x01da01d4, 0x240782e0,
    0x01ec01e6, 0x200786f2, 0x202f86f8, 0x210785fe, 0x07820402, 0x16020a28, 0x10021c02, 0x0b822202, 0x03822820, 0x03822e20, 0x07863420, 0x07823a20,
    0x46024024, 0x07894c02, 0xff010029, 0x00000071, 0x8452ff01, 0x83ae2005, 0xf9fe2705, 0x01002602, 0x05846bff, 0x05843b20, 0x05841720, 0x05840b20,
    0x05840e20, 0x05833120, 0x84fefe21, 0x8472200b, 0x02f9220b, 0x833584bc, 0x843b2005, 0x8417200b, 0x840b2005, 0x840e2005, 0x83312005, 0x83358205,
    0x01192823, 0xfe01002b, 0x841301bf, 0x00812405, 0x83760101, 0xce02217d, 0x01210583, 0x21298376, 0x11842301, 0x11841b20, 0x11843420, 0xab033426,
    0x72010100, 0x72220b84, 0x0b82bb03, 0x1d849f20, 0x5e019f2c, 0xea020100, 0x01000a00, 0x1d849f01, 0x17848c20, 0x0b848c20, 0x0b842d20, 0x23832d20,
    0x842d0121, 0x85712011, 0x21418305, 0x1d838a00, 0x84c30021, 0x838a2005, 0x8a002117, 0x51206584, 0x02211183, 0x203b845f, 0x21e38357, 0x0b844701,
    0x0584a920, 0x11854720, 0x00190325, 0x84420101, 0x0342220b, 0x200b822b, 0x201d844d, 0x21d7834d, 0x8f845702, 0x1d844d20, 0x17844420, 0x0b844420,
    0x0b842e20, 0x0b842e20, 0x35832f20, 0x847a0021, 0x84b3207d, 0x837a2005, 0x26098253, 0x0e010000, 0x42340ff8, 0x062509e1, 0x06020082, 0x20038288,
    0x2003868e, 0x20078294, 0x2003869a, 0x200782a0, 0x200382a6, 0x240786ac, 0x060000b2, 0x28038270, 0x06010076, 0x0603007c, 0x200382e8, 0x200382ee,
    0x201f82f4, 0x200382b8, 0x200382be, 0x200386c4, 0x200782ca, 0x200386d0, 0x200782d6, 0x200382dc, 0x210784e2, 0x3f850600, 0x7c06be28, 0x88068206,
    0x0784380b, 0x07868e20, 0x07869420, 0x07869a20, 0x1f8ea020, 0x0f86a620, 0xac203787, 0xb2200f86, 0xb8200782, 0xbe200382, 0xc4200786, 0xca200786,
    0xd0200782, 0xd6201786, 0xe2230782, 0x8b06dc06, 0x8ae82007, 0x06ee240f, 0x82fa06f4, 0x21078223, 0x07860007, 0x07860620, 0x07860c20, 0x078e1220,
    0x18202787, 0x3f831785, 0x0b1e0725, 0x82240738, 0x862a2003, 0x07302407, 0x823c0736, 0x2007830b, 0x20078642, 0x20078648, 0x20178e4e, 0x830f8654,
    0x825a202f, 0x8260200b, 0x86662003, 0x826c2007, 0x07782307, 0x07830772, 0x07827e20, 0x380b8422, 0x72211182, 0x20078207, 0x83178707, 0x828a2007,
    0x82902015, 0x20078303, 0x20078696, 0x2007829c, 0x87178aa2, 0x82a8201f, 0x071e2713, 0x072407b4, 0x078307ae, 0x0786ba20, 0x0786c020, 0x178ec620,
    0x0f86cc20, 0x0786d220, 0xd8203787, 0xde200f82, 0xe4204b82, 0x07830382, 0x0786ea20, 0x0782f020, 0x1786f620, 0x380bfc24, 0x0b820208, 0x08200783,
    0x0e200786, 0x14201382, 0x08211785, 0x2207821a, 0x8c200826, 0x822c2007, 0x8632200f, 0x08382417, 0x8244083e, 0x2007830b, 0x2007864a, 0x20078650,
    0x20178e56, 0x200f865c, 0x87078662, 0x82682037, 0x826e200f, 0x86742003, 0x867a2007, 0x86802007, 0x8a862007, 0x828c2017, 0x8292200b, 0x20078303,
    0x20078698, 0x2007869e, 0x20178aa4, 0x200b82aa, 0x830382b0, 0x86b62007, 0x86bc2007, 0x42c22007, 0x072509af, 0x08c808de, 0x83f782ce, 0x86d42007,
    0x86da2007, 0x86e02007, 0x86e62007, 0x86ec2007, 0x86f22007, 0x20378707, 0x280f86f8, 0x09380bfe, 0x090a0904, 0x20078210, 0x20038216, 0x2007861c,
    0x20078622, 0x20078228, 0x2017862e, 0x26078234, 0x093a0940, 0x82380b46, 0x093a2109, 0x4c240f87, 0x58095209, 0x07831182, 0x07865e20, 0x078e6420,
    0x0f866a20, 0x70200787, 0x76200f86, 0x3f820786, 0x82de0721, 0x837c200b, 0x20078297, 0x24038282, 0x098e0988, 0x20078694, 0x2007869a, 0x200786a0,
    0x201f8ea6, 0x200f86ac, 0x82178bb2, 0x823f840b, 0x203f8307, 0x200782b8, 0x200382be, 0x200786c4, 0x230782ca, 0x09d009d6, 0xdc200783, 0xe2200782,
    0xd021d784, 0x20078209, 0x83178709, 0x82e82007, 0x82ee2027, 0x20078303, 0x240786f4, 0x0a380bfa, 0x86178a00, 0x060a211f, 0x5a27bf82, 0x180a120a,
    0x83070c0a, 0x861e2007, 0x86242007, 0x862a2007, 0x86302007, 0x86362007, 0x863c2007, 0x24378707, 0x0a0c0a42, 0x20638248, 0x8303824e, 0x86542007,
    0x825a2007, 0x86602007, 0x82662017, 0x826c2007, 0x20078303, 0x20078672, 0x20078278, 0x2017867e, 0x23078284, 0x0a8a0a90, 0x96200787, 0x0f82df83,
    0x17859c20, 0x0ab80925, 0x82be09a2, 0x210782c3, 0x0786a80a, 0x0786ae20, 0x0786b420, 0x0786ba20, 0x0786c020, 0x0785c620, 0xcc203788, 0xd2204b82,
    0xd8200382, 0xde200786, 0xe4200786, 0xea200786, 0xf0200786, 0xf6200782, 0xfc200382, 0x0b210785, 0x20078602, 0x20078608, 0x2007860e, 0x20a38214,
    0x2003821a, 0x20078620, 0x20078626, 0x2207862c, 0x48380b32, 0x76289e19, 0x0100d903, 0xbb037601, 0xe3200584, 0xab200584, 0x93200584, 0xfe200584,
    0xac200584, 0x07480582, 0x848c200b, 0x038c2235, 0x221782e5, 0x82fafe7c, 0x00712805, 0x00010000, 0x825e01a8, 0x0247220b, 0x840583bc, 0x0b79481d,
    0x17842320, 0x3b842320, 0x1d842220, 0x83032221, 0x03222171, 0x22217183, 0x48718303, 0x29840685, 0x06ff9f22, 0x55485382, 0x21b38213, 0x3b838a00,
    0x82056148, 0x483b8305, 0x3b840631, 0x3b834d20, 0x84110121, 0x84e22095, 0x84112095, 0x84112017, 0x8411207d, 0x8372201d, 0x0803491d, 0x01215382,
    0x20958471, 0x201d8572, 0x49f58303, 0x3b840c0f, 0xb3849e20, 0xb3849e20, 0xe0039f26, 0x9f010100, 0x9e20b984, 0x51202f84, 0x51205384, 0x51206b84,
    0x50202f84, 0x51205384, 0x42205384, 0x42201d84, 0x42201d84, 0x42201d84, 0x33251d84, 0x0100fafe, 0x115d4901, 0x1d842d20, 0x1d841e20, 0x00006b26,
    0xc9010100, 0x6b200584, 0x6b204184, 0x6b204184, 0x6b208f84, 0x6b208f84, 0x6b208f84, 0x6b268f84, 0x0100fe03, 0x2f84f601, 0x2f84f620, 0x2f84f720,
    0x2f84f620, 0x2f84f620, 0x1d845520, 0x1d845520, 0x1d845520, 0x1d845520, 0x1d845520, 0x1d842a20, 0x1d842a20, 0x1d842a20, 0x8f842a20, 0x1d832a20,
    0x280ccf49, 0x00480357, 0x03570101, 0x2205822b, 0x84520356, 0x8419200b, 0x83472005, 0xe9022105, 0x6d200b84, 0x21240584, 0x6f000100, 0x7d205984,
    0x00210583, 0x10d5496f, 0x4d844420, 0x47844320, 0xfb843a20, 0x29835420, 0x02020227, 0x01010098, 0x222f8454, 0x8206ff54, 0x13474a0b, 0x46208983,
    0x46213b84, 0x21838303, 0x83830347, 0x83844620, 0x3b845120, 0x2c035124, 0x294a0100, 0x837a2012, 0x7a00211d, 0x05827d83, 0x23835220, 0x00213b83,
    0x203b847a, 0x21838332, 0x41843201, 0x7d833220, 0x83790021, 0x79002911, 0x01001301, 0x02037900, 0x04210583, 0x8405831f, 0x8437209b, 0x8437202f,
    0x8437202f, 0x843720d1, 0x85372095, 0x2103241d, 0x4a010100, 0x4d2011dd, 0x4c202984, 0x4c202984, 0x4d20bf84, 0x4d22bf84, 0x2f825003, 0x89844c20,
    0x3b834c20, 0x83d20021, 0xd200215f, 0xd220b384, 0xd226b384, 0x01005203, 0x5f84d200, 0x1d832520, 0x84250121, 0x8425207d, 0x84252053, 0xfe1c2653,
    0x010100fa, 0x211d8348, 0xb983ae00, 0x84080121, 0x84082023, 0x833f2035, 0x2802211d, 0x01211d83, 0x20358432, 0x20358432, 0x20898432, 0x20898432,
    0x20898432, 0x26898432, 0x006d0333, 0x84ae0101, 0x84ae202f, 0x84ae2047, 0x84ae2035, 0x84ae2035, 0x84ae2035, 0x0da94b35, 0x01004824, 0x23842e01,
    0x23842e20, 0x23842f20, 0x47840f20, 0x47840f20, 0x47840f20, 0x23840f20, 0xc74b0f20, 0xdc032b09, 0x0100e603, 0x1a000c00, 0x2d820300, 0x03821820,
    0x03841e20, 0x16000428, 0x22001c00, 0x6f452800, 0x8371200e, 0x49ff21d7, 0xff21d783, 0x21058343, 0x0583b800, 0x03aa0323, 0x224784ba, 0x8217006a,
    0x82a4203f, 0x82aa2003, 0x86b02003, 0x82b62003, 0x86bc2007, 0x82c22003, 0x82c82007, 0x86ce2003, 0x82d42007, 0x82da2007, 0x82e02003, 0x86e62003,
    0x82ec2003, 0x86f22007, 0x82f82003, 0x00fe2407, 0x84040100, 0x00222c07, 0x00b200ac, 0x00be00b8, 0x82ca00c4, 0xd0240801, 0xdc00d600, 0xe800e200,
    0xf400ee00, 0xfa00fa00, 0x06010001, 0x12010c01, 0x1e011801, 0x2a012401, 0x36013001, 0x3c2e0182, 0x48014201, 0x54014e01, 0x60015a01, 0x4b4e0100,
    0xf9fe2765, 0x01001903, 0x05846bff, 0x47033b22, 0x3b220b82, 0x05824803, 0x50031722, 0x0b220582, 0x05825203, 0x2b030e22, 0x31220582, 0x95826d03,
    0x2103fe22, 0x02210b83, 0x220582e9, 0x822c0372, 0x03f92211, 0x834184ab, 0x033b2205, 0x203b84d9, 0x203b84e0, 0x200584e3, 0x204184e5, 0x204184bb,
    0x204184fe, 0x240b84ac, 0x00010093, 0x216b83c6, 0x5f83f300, 0x83f50021, 0x0701216b, 0x00218983, 0x20058495, 0x218f83c6, 0x8983ea00, 0x83cf0021,
    0xd0002171, 0x01218383, 0x24838202, 0x000d0002, 0x2301821e, 0x00210000, 0x00219d82, 0x2401822e, 0x0031000c, 0x2c178237, 0x00430042, 0x00450014,
    0x00160069, 0x2201827d, 0x8288003b, 0x3c220801, 0x90008f00, 0x98003d00, 0x3f009c00, 0x73017301, 0x86014400, 0x45008601, 0x88018801, 0x02004600,
    0x91820300, 0x00003028, 0x6a003200, 0x1b823000, 0x41828820, 0x75221583, 0x15829700, 0xd6009d2a, 0x84012300, 0x5d008401, 0x06382b82, 0x63016101,
    0x67010000, 0x03006701, 0x6d016c01, 0x71010400, 0x06007101, 0x072c5984, 0x81017501, 0x01000800, 0x9f010100, 0x37200584, 0x05243382, 0xe000d700,
    0xe3344982, 0x0a00e400, 0xe700e600, 0xe9000c00, 0x0e00f800, 0xfc00fb00, 0x0226cb82, 0xfd000500, 0x55820a01, 0x0d010c36, 0x0f010e00, 0x10001501,
    0x17011701, 0x19011700, 0x18002201, 0x04284982, 0x4a014901, 0x9a015001, 0x02244f82, 0x23012301, 0x25222d82, 0x19822c01, 0x89206b83, 0x01241582,
    0xd801ba01, 0x01226582, 0x6f821700, 0xde00dd26, 0xe200e100, 0xea2a6b82, 0xec00eb00, 0xf900ed00, 0x6582fa00, 0x04010332, 0x08010701, 0x10010d01,
    0x13011201, 0x20011f01, 0x12223b82, 0x99820100, 0x0d000024, 0x07821d00, 0x20001f28, 0x22001b00, 0x0d822800, 0x002a3208, 0x00240030, 0x00400032,
    0x0045002b, 0x003a0059, 0x005f005b, 0x0061004f, 0x00540075, 0x007b0077, 0x007d0069, 0x006e0087, 0x008a0089, 0x008c0079, 0x2213829c, 0x82ac009e,
    0x00b13609, 0x009b00b8, 0x00c600ba, 0x00c800a3, 0x00b000cc, 0x00d600ce, 0x266b82b5, 0x01c60103, 0x84d701c7, 0x210984d7, 0xd784dc01, 0xc501ba22,
    0xcc24d782, 0x0c00d601, 0x05200f82, 0x0f88d182, 0x01d9012f, 0x011700db, 0x00e201dd, 0x01e4011a, 0x20a382e5, 0x249f8202, 0x000b000b, 0x202d8204,
    0x224b820c, 0x8210000d, 0x00112635, 0x00030014, 0x221b8215, 0x821e0004, 0x00052101, 0x0622cf83, 0x01822100, 0xd5840720, 0x29000822, 0x09220182,
    0xd3822a00, 0x2c000a22, 0x0b20e182, 0x3720e182, 0x38204582, 0x0d22e782, 0x01824100, 0x42000428, 0x0e004300, 0x01824400, 0x45000d2a, 0x0f004800,
    0x4c004900, 0x4d2c6182, 0x11005000, 0x59005100, 0x5a001200, 0x13240182, 0x5f005b00, 0x60227382, 0x75826000, 0x65006128, 0x66001600, 0xab826900,
    0x8601862e, 0x87011000, 0x02008701, 0x88018801, 0x02221782, 0xa7825400, 0x27000b22, 0x0c206b82, 0xb1837382, 0x9f840120, 0x99840220, 0x99843320,
    0x93842420, 0x38003422, 0x03208782, 0x36208784, 0x03208784, 0x2e208784, 0x04218784, 0x20878300, 0x20878405, 0x20878406, 0x20878407, 0x23858208,
    0x00280060, 0x09208783, 0x2c228784, 0x01826a00, 0x6b002728, 0x0a007500, 0x01827600, 0x77000b24, 0x81827a00, 0x7b007b26, 0x7c000d00, 0x10240182,
    0x7e007d00, 0x7f220b82, 0xf3828700, 0x88008828, 0x89000f00, 0xed828a00, 0x8b008b22, 0x8c22ed82, 0xed829300, 0x95009428, 0x96001300, 0xed829700,
    0x9c009822, 0x9d38ed82, 0x16009d00, 0xa3009e00, 0xa4001700, 0x1800ad00, 0xaf00ae00, 0xb0001900, 0x1a360182, 0xb400b100, 0xb5001c00, 0x1d00b800,
    0xbd00ba00, 0xbe001e00, 0xed82c600, 0xc700c72c, 0xc8002000, 0x2100cc00, 0x0182cd00, 0xce002d24, 0xff82d200, 0xd600d326, 0xd7002b00, 0x31220182,
    0x0182e700, 0xe9003f22, 0x35220182, 0x0182ea00, 0xeb003e22, 0x37220182, 0x0182ef00, 0xf7003922, 0x3e220182, 0x0182fd00, 0x01402808, 0x00040103,
    0x010d0144, 0x0145000d, 0x000f010f, 0x01100141, 0x01420010, 0x00130112, 0x01150146, 0x01380015, 0x821d011d, 0x1f260811, 0x43002001, 0x37013701,
    0x5d013000, 0x25005d01, 0x61016101, 0x62013d00, 0x29006201, 0x63016301, 0x67012a00, 0x05826701, 0x6c016c3a, 0x75012f00, 0x3a007701, 0x78017801,
    0x79013b00, 0x3c007901, 0x7a017a01, 0x7b220b82, 0x0b827b01, 0x7e017e28, 0x80011b00, 0x05828001, 0x01842808, 0x010c0084, 0x00860186, 0x01880104,
    0x01090088, 0x009f019f, 0x01b20147, 0x012600b2, 0x00b401b4, 0x00020023, 0x8275001d, 0x00032801, 0x007a0077, 0x827b0001, 0x00022201, 0x2401827c,
    0x007d0005, 0x261f827e, 0x0087007f, 0x82880003, 0x00042801, 0x008a0089, 0x828b0005, 0x00063401, 0x0093008c, 0x00940007, 0x00170095, 0x00970096,
    0x829d0008, 0x00092e01, 0x00a3009e, 0x00a4000a, 0x000b00ac, 0x280182ad, 0x00ae0003, 0x000c00af, 0x2e0182b0, 0x00b1000d, 0x000e00b4, 0x00b800b5,
    0x82b9000f, 0x00182e01, 0x00bd00ba, 0x00be0010, 0x001100c6, 0x280182c7, 0x00c80012, 0x001300cc, 0x2d0182cd, 0x00ce0014, 0x001500d2, 0x00d600d3,
    0xcf830116, 0x91820120, 0xa7823120, 0x59430b20, 0x000e2406, 0x8220001f, 0x0029284b, 0x000d0029, 0x82410038, 0x0044224b, 0x28058244, 0x004c0049,
    0x004d0028, 0x267b8250, 0x00590051, 0x825a0027, 0x00022401, 0x825f005b, 0x006032cf, 0x00090060, 0x00650061, 0x00660004, 0x00230069, 0x2401826a,
    0x006b0001, 0x26878275, 0x007a0077, 0x827b0012, 0x00132201, 0x2401827c, 0x007d0015, 0x2693827e, 0x0087007f, 0x82880014, 0x00262401, 0x828a0089,
    0x008c2499, 0x41160093, 0xff830605, 0xf9821820, 0x1900ad22, 0x1a20f384, 0x1b20f384, 0x1c20ed84, 0x2420e784, 0x1d20e784, 0x0720e784, 0x0a20e784,
    0xcd22e582, 0xe7840b00, 0xe7840820, 0x2401253c, 0x1f002401, 0x37013701, 0x62012000, 0x05006201, 0x63016301, 0x67010600, 0x05826701, 0x016d3408,
    0x011e006d, 0x00840184, 0x01860112, 0x01280086, 0x00880188, 0x019a0104, 0x0121009a, 0x009b019b, 0x019f0122, 0x0029009f, 0x00610101, 0x000a0021,
    0x82040000, 0x87028303, 0x82002007, 0x83092071, 0x20038210, 0x20038207, 0x21038208, 0x01830001, 0x03000223, 0x24038300, 0x00050000, 0x22038606,
    0x82300002, 0x000b261b, 0x000d001b, 0x22018210, 0x8220001f, 0x00292201, 0x265d8229, 0x00410038, 0x82440012, 0x00123401, 0x004c0049, 0x004d0022,
    0x00140050, 0x00590051, 0x825a0016, 0x001a2e01, 0x005f005b, 0x00610017, 0x00180065, 0x2e01826a, 0x006b001b, 0x00260075, 0x007a0077, 0x827b0024,
    0x42012001, 0x01240a71, 0x87007f00, 0x88228382, 0x8b828800, 0x2e057142, 0x00ad00a4, 0x00b50007, 0x002300b8, 0x82bd00ba, 0x00c728d3, 0x000c00c7,
    0x82cc00c8, 0x00ce2693, 0x000e00d2, 0x220182d7, 0x82e7001c, 0x00132201, 0x220182ea, 0x82eb0011, 0x00152201, 0x220182f7, 0x82fd0011, 0x01273c01,
    0x00040103, 0x010d0106, 0x0108000d, 0x00100110, 0x01120125, 0x010b0013, 0x821d011d, 0x2338080b, 0x0f002301, 0x24012401, 0x26010900, 0x1e002601,
    0x27012701, 0x28010400, 0x1d002801, 0x2c012c01, 0x74011900, 0x1f007401, 0x84018401, 0x86012400, 0x22008601, 0x88018801, 0x0224d782, 0x02000000,
    0xa983af82, 0xbe000126, 0x0300c600, 0x02266784, 0xd8000100, 0x05822500, 0x08001422, 0x02200182, 0x0c24b582, 0x15001600, 0x00202f82, 0x0420b582,
    0x05220782, 0x05820f00, 0xe1820620, 0x13001122, 0x03280182, 0x17000900, 0x19001200, 0x10240382, 0x1a000a00, 0x18201982, 0x00202182, 0x0b20eb82,
    0x47246582, 0x41003800, 0x44227382, 0x05824400, 0x4c004928, 0x61000600, 0x35826500, 0xd700d726, 0xd9001d00, 0x21220182, 0x0182dc00, 0xdf001622,
    0x22220182, 0x0182e000, 0xe4000a22, 0x17220182, 0x0182e500, 0xe7002f22, 0x05220182, 0x0182ea00, 0xeb000422, 0x07240182, 0xed00ec00, 0xee229f82,
    0x6182ee00, 0xef00ef26, 0xf0002000, 0x01280182, 0xf500f400, 0xf7002c00, 0x04220182, 0x0182f800, 0xfb000322, 0x30220182, 0x0182fc00, 0xfd001e22,
    0x0b220182, 0x0182fe00, 0xff000c22, 0x94080182, 0x01000128, 0x013a0001, 0x00020102, 0x0103011b, 0x01100004, 0x00050105, 0x0106012a, 0x013e0006,
    0x00080107, 0x01090126, 0x01350009, 0x000a010a, 0x010b011c, 0x0139000b, 0x000c010c, 0x010d012e, 0x0111000d, 0x000e010e, 0x010f013b, 0x010d000f,
    0x00100110, 0x0111010e, 0x01130011, 0x00130112, 0x01150114, 0x01240015, 0x00160116, 0x01170138, 0x013d0017, 0x00180118, 0x0119013c, 0x01370019,
    0x001a011a, 0x011b0136, 0x012d001b, 0x001c011c, 0x011d0129, 0x0841821d, 0x20011f2c, 0x21010f00, 0x34002101, 0x22012201, 0x37012500, 0x1f003701,
    0x5d015d01, 0x62011900, 0x23006201, 0x63016301, 0x67012700, 0x05826701, 0x6c016c3a, 0x75012b00, 0x31007701, 0x78017801, 0x79013200, 0x33007901,
    0x7a017a01, 0x7b220b82, 0x0b827b01, 0x7e017e28, 0x80011200, 0x89438001, 0x01062106, 0x30056545, 0x00b201b2, 0x01b4011a, 0x001500b4, 0x00fe0001,
    0x22058225, 0x82090016, 0x00022201, 0x2401820d, 0x00180019, 0x2101820e, 0xfd410010, 0x00112a05, 0x00060000, 0x00130008, 0x22018215, 0x820a0003,
    0x8414200f, 0x00122403, 0x82170012, 0x00072219, 0x2a01820b, 0x000c000f, 0x001e0002, 0x82650061, 0x00d7262b, 0x001600d7, 0x220182e7, 0x82ea0018,
    0x00172201, 0x220182eb, 0x82ef0012, 0x00112201, 0x220182f7, 0x82fd0017, 0x41082001, 0x0132059d, 0x00020102, 0x01030101, 0x010a0004, 0x00050105,
    0x01820106, 0x0110002d, 0x000a010a, 0x010d0102, 0x410b000d, 0x0f351073, 0x13011201, 0x14010500, 0x19001401, 0x15011501, 0x16010700, 0x25cb8201,
    0x1b011b01, 0x5b410400, 0x011e2206, 0x34ef821e, 0x00220122, 0x01620103, 0x01140062, 0x00630163, 0x01670115, 0x22058267, 0x82880188, 0x000224ad,
    0x82210003, 0x00022201, 0x2201828b, 0x82e60003, 0x82012001, 0x8223208f, 0x820820ed, 0x000723eb, 0x9f820006, 0x00050023, 0x200d8204, 0x2a0b8203,
    0x0123010b, 0x01090023, 0x82240124, 0x01252869, 0x01080025, 0x82270127, 0x0128228d, 0x22bd8228, 0x82290129, 0x012a228d, 0x22cf822a, 0x862c012c,
    0x8401207b, 0x8402207b, 0x8202207b, 0x0025215f, 0x03826582, 0x67820020, 0x6c015222, 0x0c7f4e18, 0x4e182a20, 0x0920086f, 0x02207382, 0x072a7b82,
    0x0b000900, 0x0f000d00, 0x1b881100, 0x01000a24, 0x0d820300, 0x08000622, 0x0c2e4382, 0x10000e00, 0x13001200, 0x746c6161, 0x05847400, 0x61637c26,
    0x84006573, 0x8a2c0584, 0x706d6363, 0x6e649000, 0x96006d6f, 0x9c260584, 0x63617266, 0x0584a200, 0x756ec026, 0xde00726d, 0xe4260584, 0x6e64726f,
    0x0584ea00, 0x6973f026, 0xf600666e, 0xfc260584, 0x73627573, 0x05840201, 0x75730826, 0x0e017370, 0x14200584, 0x0020a384, 0x0221cb84, 0x22078500,
    0x84160001, 0x85058509, 0x84072015, 0x22058311, 0x8208000d, 0x000a24cf, 0x820c000b, 0x820e20d3, 0x821020d5, 0x21bb82d7, 0x23821400, 0x01221d9d,
    0x47840600, 0x15200585, 0x05850b84, 0x0b840420, 0x03200585, 0x05850b84, 0x0b840520, 0x00053408, 0x00340019, 0x0044003c, 0x0056004e, 0x0066005e,
    0x0076006e, 0x00ae00a6, 0x00be00b6, 0x00ce00c6, 0x00de00d6, 0x00ee00e6, 0x01fe00f6, 0x010e0106, 0x841e0116, 0x040123d3, 0x498400a6, 0x84c60421,
    0x0002247b, 0x85f400e2, 0xfe002119, 0xfc200786, 0xfa200786, 0xf8200786, 0xf6200786, 0x15223184, 0x4d82f400, 0x01382408, 0x01780158, 0x01b40196,
    0x02ec01d0, 0x02200206, 0x02500238, 0x027c0266, 0x02a40290, 0x02c802b6, 0x84e802d8, 0x0201222f, 0x200786cc, 0x200786d6, 0x200786e2, 0x210785f0,
    0x07860003, 0x07861220, 0x07862620, 0x07863c20, 0x07865420, 0x07866e20, 0x07868a20, 0x04009428, 0x01000000, 0x9f85a003, 0x85ac0321, 0x6a042107,
    0x82200786, 0x9624e986, 0x9e040100, 0x17201384, 0x84261186, 0x96040200, 0x13868c04, 0x09820120, 0x23820a20, 0x83008621, 0x00802205, 0x220b8230,
    0x8226007a, 0x00742205, 0x2231821c, 0x926e040b, 0x82782001, 0x8278201f, 0x8200207f, 0x25858221, 0x0b005604, 0x01924c04, 0x23825620, 0x0a000324,
    0x01902a04, 0x41823420, 0x1d823420, 0x14204187, 0x0a212582, 0x20018f04, 0x223f8414, 0x8eea0309, 0x82f42001, 0x89f420f9, 0xd603253d, 0xcc030900,
    0xd620018e, 0x08223b84, 0x018cae03, 0x3982b820, 0x398ab820, 0x08009c24, 0x018c9203, 0x37849c20, 0x76030722, 0x8020018a, 0x80203582, 0x6624358a,
    0x5c030700, 0x6620018a, 0x06223384, 0x01884203, 0x31824c20, 0x318a4c20, 0x06003424, 0x01882a03, 0x0324f983, 0x12030500, 0x1c200186, 0x1c202d82,
    0x06242d8a, 0xfc020500, 0x03210185, 0x225b8406, 0x84e60204, 0x00f02401, 0x89f00201, 0xdc022529, 0xd2020400, 0xdc200184, 0x03222784, 0x0182be02,
    0x2582c820, 0x258ac820, 0x0300b624, 0x0182ac02, 0x2384b620, 0x9a020224, 0x2182a402, 0x218aa420, 0x02009426, 0x94028a02, 0x01221f84, 0x1d827a02,
    0x03828420, 0x11820782, 0x21063942, 0x11826602, 0x4b427620, 0x5402210b, 0x6a223582, 0x138c6402, 0x03004024, 0x01825602, 0x158c5020, 0xa7822a20,
    0x83024021, 0x8c3a2001, 0x82122017, 0x022821e9, 0x22200185, 0x0125198b, 0x020600f8, 0x2001880e, 0x241b8c08, 0x010700dc, 0x20018af2, 0x241d8cec,
    0x010800be, 0x20018cd4, 0x241f8cce, 0x0109009e, 0x20018eb4, 0x24218cae, 0x010a007c, 0x43019092, 0x03240733, 0x78010100, 0x58220382, 0x35840000,
    0x83001821, 0x82462011, 0x82762011, 0x865c2003, 0x01012213, 0x83098268, 0x010422b7, 0x382182b6, 0x006701a4, 0x005a0102, 0x01cc010d, 0x01ce01cd,
    0x01d001cf, 0x01d201d1, 0x26a982d3, 0x01d601d5, 0x82d801d7, 0x004a2a1f, 0x008d0011, 0x01370195, 0x08279a83, 0xd6000122, 0x1a000a00, 0x2e002400,
    0x42003800, 0x56004c00, 0x6a006000, 0x04007400, 0x53012d01, 0x3f014901, 0x2e300982, 0x4a015401, 0x04004001, 0x55012f01, 0x41014b01, 0x30260982,
    0x4c015601, 0x09824201, 0x57013126, 0x43014d01, 0x32300982, 0x4e015801, 0x04004401, 0x59013301, 0x45014f01, 0x34260982, 0x50015a01, 0x09824601,
    0x5b013526, 0x47015101, 0x362c0982, 0x52015c01, 0x02004801, 0x0d00ca00, 0x4920a584, 0x4b205f82, 0x4d204f82, 0x4f203f82, 0x51202f82, 0x37201f82,
    0xc63a1f82, 0x3f010b00, 0x41014001, 0x43014201, 0x45014401, 0x47014601, 0x83014801, 0x1d820100, 0x94008c22, 0x01260582, 0xc501ba01, 0x09840000,
    0xcb01c722, 0x23220986, 0x09822c01, 0x01000124, 0x47526d01, 0x82012008, 0x845220cf, 0x0102281f, 0x00370137, 0x823f0100, 0x82238285, 0x83822025,
    0x32002525, 0x02000200, 0xc4204f82, 0xc7241b82, 0x0b00c801, 0x11281582, 0x94008c00, 0x82016d01, 0xbb331782, 0xbd01bc01, 0xbf01be01, 0xc101c001,
    0xc301c201, 0x8301c401, 0x00022227, 0x20258204, 0x225b828c, 0x82940094, 0x207d834d, 0x22338202, 0x840c006d, 0x278d8451, 0x82018201, 0x00000a00,
    0x0cb3fa05, 0x0000783c,
};

